NodeID,Degree
0,336
1,342
2,256
3,221
4,218
5,191
6,365
7,116
8,287
9,265
10,73
11,161
12,105
13,175
14,76
15,166
16,173
17,131
18,126
19,142
20,146
21,120
22,173
23,92
24,111
25,195
26,72
27,107
28,109
29,63
30,62
31,94
32,47
33,71
34,111
35,104
36,123
37,106
38,43
39,42
40,98
41,41
42,29
43,81
44,92
45,41
46,52
47,52
48,57
49,71
50,60
51,77
52,105
53,77
54,18
55,113
56,52
57,72
58,61
59,52
60,83
61,60
62,40
63,58
64,52
65,70
66,57
67,34
68,112
69,49
70,88
71,57
72,60
73,74
74,36
75,15
76,63
77,70
78,41
79,49
80,52
81,63
82,27
83,78
84,16
85,12
86,43
87,99
88,88
89,27
90,47
91,29
92,32
93,31
94,35
95,69
96,76
97,86
98,28
99,43
100,24
101,37
102,35
103,38
104,34
105,64
106,45
107,28
108,56
109,90
110,44
111,25
112,118
113,85
114,29
115,66
116,81
117,35
118,34
119,57
120,63
121,44
122,12
123,45
124,25
125,34
126,51
127,57
128,28
129,46
130,54
131,38
132,45
133,64
134,28
135,95
136,46
137,35
138,18
139,56
140,51
141,65
142,19
143,44
144,55
145,27
146,48
147,46
148,44
149,78
150,79
151,26
152,35
153,42
154,63
155,60
156,38
157,65
158,40
159,89
160,27
161,48
162,31
163,36
164,61
165,47
166,58
167,38
168,26
169,25
170,46
171,40
172,46
173,37
174,62
175,37
176,28
177,22
178,57
179,37
180,56
181,30
182,28
183,48
184,40
185,23
186,48
187,24
188,33
189,38
190,20
191,34
192,48
193,55
194,22
195,42
196,31
197,28
198,35
199,29
200,26
201,18
202,53
203,51
204,27
205,25
206,22
207,74
208,37
209,21
210,59
211,42
212,26
213,48
214,39
215,32
216,41
217,32
218,21
219,37
220,31
221,57
222,49
223,17
224,33
225,68
226,26
227,27
228,31
229,29
230,38
231,43
232,51
233,39
234,54
235,47
236,26
237,23
238,25
239,26
240,22
241,41
242,38
243,43
244,15
245,39
246,46
247,54
248,27
249,23
250,28
251,31
252,42
253,40
254,25
255,33
256,20
257,30
258,52
259,32
260,27
261,24
262,37
263,36
264,28
265,29
266,23
267,43
268,47
269,28
270,29
271,33
272,46
273,32
274,16
275,40
276,33
277,13
278,41
279,66
280,22
281,16
282,41
283,30
284,41
285,23
286,10
287,19
288,65
289,42
290,9
291,27
292,33
293,32
294,41
295,20
296,12
297,57
298,25
299,20
300,21
301,39
302,35
303,34
304,28
305,25
306,36
307,34
308,18
309,33
310,68
311,12
312,24
313,26
314,32
315,43
316,8
317,51
318,11
319,39
320,21
321,60
322,22
323,7
324,20
325,38
326,37
327,35
328,12
329,21
330,18
331,23
332,15
333,19
334,20
335,34
336,31
337,12
338,27
339,13
340,18
341,30
342,44
343,38
344,31
345,24
346,27
347,44
348,38
349,24
350,24
351,30
352,28
353,14
354,29
355,24
356,41
357,39
358,31
359,19
360,32
361,28
362,15
363,23
364,21
365,29
366,23
367,21
368,19
369,17
370,15
371,39
372,20
373,25
374,32
375,27
376,29
377,16
378,25
379,50
380,28
381,16
382,24
383,10
384,26
385,36
386,43
387,35
388,26
389,18
390,24
391,53
392,16
393,39
394,23
395,27
396,21
397,16
398,33
399,16
400,42
401,19
402,20
403,51
404,17
405,10
406,17
407,43
408,17
409,22
410,37
411,26
412,17
413,23
414,32
415,17
416,41
417,15
418,14
419,15
420,17
421,21
422,18
423,33
424,30
425,33
426,22
427,44
428,15
429,47
430,34
431,18
432,40
433,28
434,22
435,24
436,38
437,12
438,36
439,15
440,15
441,35
442,19
443,17
444,22
445,23
446,22
447,27
448,26
449,22
450,16
451,40
452,37
453,34
454,21
455,39
456,18
457,31
458,23
459,14
460,14
461,10
462,19
463,24
464,31
465,24
466,40
467,39
468,26
469,28
470,15
471,29
472,12
473,42
474,11
475,36
476,24
477,15
478,17
479,9
480,22
481,20
482,8
483,39
484,14
485,12
486,32
487,29
488,22
489,18
490,22
491,24
492,16
493,20
494,12
495,21
496,28
497,22
498,22
499,30
500,35
501,31
502,23
503,28
504,17
505,11
506,10
507,12
508,10
509,26
510,48
511,13
512,25
513,25
514,24
515,18
516,28
517,16
518,28
519,27
520,15
521,7
522,25
523,43
524,21
525,14
526,34
527,17
528,22
529,19
530,24
531,24
532,39
533,12
534,20
535,25
536,21
537,16
538,17
539,43
540,16
541,21
542,25
543,16
544,37
545,33
546,29
547,23
548,19
549,26
550,15
551,18
552,16
553,15
554,11
555,19
556,31
557,20
558,14
559,21
560,25
561,26
562,18
563,35
564,6
565,17
566,12
567,42
568,7
569,26
570,40
571,18
572,12
573,23
574,37
575,25
576,10
577,16
578,28
579,29
580,10
581,20
582,15
583,30
584,20
585,26
586,26
587,26
588,22
589,25
590,13
591,12
592,37
593,27
594,14
595,30
596,13
597,30
598,15
599,15
600,21
601,21
602,11
603,21
604,25
605,11
606,23
607,27
608,15
609,11
610,24
611,24
612,23
613,16
614,15
615,18
616,15
617,16
618,18
619,16
620,24
621,13
622,24
623,18
624,26
625,26
626,11
627,28
628,29
629,15
630,14
631,28
632,28
633,16
634,20
635,33
636,18
637,32
638,30
639,10
640,20
641,21
642,19
643,35
644,18
645,14
646,15
647,21
648,9
649,13
650,8
651,26
652,15
653,16
654,33
655,29
656,29
657,12
658,37
659,11
660,15
661,9
662,9
663,16
664,11
665,27
666,13
667,21
668,18
669,11
670,10
671,19
672,20
673,19
674,18
675,25
676,21
677,31
678,17
679,22
680,21
681,10
682,15
683,33
684,31
685,34
686,15
687,9
688,16
689,12
690,26
691,39
692,15
693,15
694,27
695,10
696,16
697,18
698,21
699,22
700,15
701,12
702,21
703,18
704,16
705,18
706,9
707,21
708,12
709,9
710,22
711,16
712,23
713,30
714,16
715,22
716,7
717,15
718,24
719,18
720,17
721,18
722,17
723,19
724,29
725,24
726,15
727,15
728,15
729,28
730,27
731,22
732,23
733,24
734,16
735,12
736,21
737,17
738,13
739,26
740,11
741,19
742,23
743,22
744,15
745,10
746,6
747,16
748,12
749,14
750,20
751,15
752,25
753,20
754,23
755,5
756,19
757,13
758,11
759,15
760,18
761,17
762,20
763,27
764,17
765,14
766,18
767,14
768,20
769,18
770,16
771,23
772,16
773,25
774,25
775,17
776,17
777,21
778,13
779,12
780,23
781,16
782,16
783,17
784,17
785,31
786,16
787,8
788,23
789,14
790,21
791,21
792,12
793,16
794,16
795,13
796,20
797,20
798,21
799,21
800,9
801,21
802,8
803,15
804,11
805,13
806,16
807,18
808,34
809,12
810,35
811,22
812,15
813,14
814,29
815,24
816,7
817,29
818,11
819,13
820,17
821,25
822,8
823,14
824,14
825,14
826,13
827,10
828,21
829,8
830,12
831,17
832,21
833,17
834,18
835,17
836,15
837,10
838,13
839,19
840,12
841,17
842,14
843,14
844,20
845,14
846,36
847,19
848,9
849,14
850,26
851,11
852,22
853,15
854,11
855,12
856,26
857,10
858,16
859,18
860,17
861,25
862,8
863,25
864,11
865,30
866,16
867,13
868,23
869,13
870,12
871,12
872,25
873,17
874,14
875,12
876,19
877,8
878,14
879,8
880,22
881,20
882,17
883,16
884,20
885,23
886,17
887,13
888,15
889,7
890,17
891,10
892,31
893,15
894,16
895,26
896,30
897,29
898,18
899,13
900,13
901,25
902,14
903,10
904,9
905,13
906,17
907,10
908,17
909,27
910,15
911,18
912,14
913,19
914,26
915,15
916,14
917,12
918,12
919,13
920,14
921,10
922,9
923,14
924,22
925,22
926,13
927,22
928,17
929,10
930,16
931,15
932,15
933,19
934,23
935,22
936,28
937,22
938,17
939,16
940,10
941,12
942,12
943,12
944,11
945,7
946,14
947,11
948,18
949,21
950,25
951,11
952,13
953,16
954,17
955,8
956,14
957,23
958,14
959,11
960,14
961,14
962,21
963,13
964,15
965,16
966,12
967,8
968,34
969,12
970,11
971,15
972,14
973,16
974,12
975,18
976,13
977,11
978,24
979,13
980,22
981,21
982,32
983,18
984,10
985,26
986,9
987,15
988,18
989,25
990,20
991,20
992,16
993,12
994,13
995,16
996,13
997,18
998,17
999,10
1000,18
1001,18
1002,24
1003,13
1004,10
1005,18
1006,13
1007,18
1008,19
1009,18
1010,23
1011,12
1012,12
1013,12
1014,21
1015,21
1016,15
1017,5
1018,23
1019,12
1020,10
1021,18
1022,10
1023,20
1024,9
1025,14
1026,35
1027,12
1028,17
1029,18
1030,14
1031,31
1032,12
1033,16
1034,20
1035,18
1036,16
1037,19
1038,21
1039,13
1040,7
1041,18
1042,15
1043,12
1044,16
1045,13
1046,8
1047,10
1048,13
1049,17
1050,11
1051,20
1052,11
1053,13
1054,14
1055,16
1056,16
1057,16
1058,13
1059,26
1060,13
1061,10
1062,8
1063,9
1064,6
1065,18
1066,11
1067,12
1068,23
1069,15
1070,20
1071,21
1072,18
1073,14
1074,17
1075,7
1076,17
1077,12
1078,9
1079,10
1080,17
1081,11
1082,10
1083,18
1084,36
1085,8
1086,14
1087,13
1088,20
1089,10
1090,10
1091,10
1092,16
1093,8
1094,29
1095,11
1096,18
1097,19
1098,10
1099,10
1100,14
1101,12
1102,16
1103,11
1104,22
1105,23
1106,19
1107,29
1108,11
1109,18
1110,22
1111,12
1112,12
1113,16
1114,18
1115,17
1116,13
1117,10
1118,14
1119,8
1120,10
1121,12
1122,10
1123,23
1124,9
1125,9
1126,13
1127,7
1128,12
1129,17
1130,16
1131,17
1132,10
1133,13
1134,11
1135,18
1136,17
1137,24
1138,14
1139,11
1140,22
1141,13
1142,10
1143,13
1144,19
1145,17
1146,17
1147,17
1148,15
1149,10
1150,13
1151,15
1152,10
1153,18
1154,15
1155,14
1156,17
1157,9
1158,8
1159,12
1160,22
1161,11
1162,14
1163,14
1164,18
1165,20
1166,13
1167,25
1168,14
1169,16
1170,21
1171,12
1172,9
1173,8
1174,21
1175,12
1176,13
1177,11
1178,9
1179,14
1180,14
1181,15
1182,23
1183,14
1184,19
1185,10
1186,12
1187,10
1188,14
1189,9
1190,14
1191,11
1192,13
1193,10
1194,11
1195,19
1196,21
1197,31
1198,14
1199,16
1200,12
1201,11
1202,8
1203,8
1204,7
1205,17
1206,16
1207,18
1208,23
1209,15
1210,14
1211,23
1212,12
1213,14
1214,20
1215,10
1216,23
1217,26
1218,13
1219,13
1220,17
1221,9
1222,15
1223,20
1224,10
1225,16
1226,9
1227,19
1228,14
1229,13
1230,12
1231,21
1232,12
1233,12
1234,17
1235,9
1236,14
1237,6
1238,14
1239,13
1240,8
1241,11
1242,14
1243,7
1244,11
1245,13
1246,16
1247,15
1248,16
1249,14
1250,16
1251,17
1252,16
1253,26
1254,11
1255,19
1256,16
1257,11
1258,23
1259,17
1260,12
1261,10
1262,13
1263,14
1264,8
1265,13
1266,11
1267,12
1268,13
1269,8
1270,13
1271,27
1272,10
1273,19
1274,8
1275,12
1276,19
1277,15
1278,20
1279,18
1280,11
1281,19
1282,17
1283,9
1284,6
1285,10
1286,8
1287,12
1288,20
1289,28
1290,13
1291,11
1292,8
1293,18
1294,21
1295,17
1296,9
1297,15
1298,9
1299,12
1300,13
1301,16
1302,17
1303,21
1304,14
1305,21
1306,7
1307,14
1308,12
1309,19
1310,15
1311,21
1312,10
1313,22
1314,12
1315,17
1316,15
1317,15
1318,13
1319,11
1320,7
1321,14
1322,9
1323,17
1324,6
1325,14
1326,11
1327,14
1328,16
1329,8
1330,16
1331,12
1332,17
1333,11
1334,10
1335,8
1336,13
1337,14
1338,10
1339,15
1340,10
1341,13
1342,9
1343,19
1344,12
1345,15
1346,13
1347,17
1348,14
1349,28
1350,12
1351,34
1352,17
1353,16
1354,10
1355,13
1356,10
1357,17
1358,10
1359,6
1360,26
1361,16
1362,9
1363,13
1364,9
1365,19
1366,15
1367,15
1368,16
1369,12
1370,22
1371,11
1372,14
1373,8
1374,6
1375,24
1376,16
1377,10
1378,11
1379,11
1380,12
1381,12
1382,10
1383,17
1384,10
1385,22
1386,18
1387,14
1388,11
1389,7
1390,24
1391,14
1392,10
1393,15
1394,14
1395,13
1396,13
1397,7
1398,14
1399,12
1400,12
1401,16
1402,14
1403,19
1404,7
1405,20
1406,12
1407,13
1408,19
1409,20
1410,12
1411,14
1412,10
1413,12
1414,13
1415,8
1416,18
1417,22
1418,15
1419,5
1420,12
1421,15
1422,8
1423,11
1424,18
1425,7
1426,14
1427,20
1428,12
1429,15
1430,15
1431,7
1432,7
1433,14
1434,9
1435,6
1436,5
1437,21
1438,12
1439,6
1440,12
1441,14
1442,16
1443,11
1444,16
1445,25
1446,7
1447,9
1448,19
1449,12
1450,11
1451,20
1452,6
1453,10
1454,7
1455,11
1456,20
1457,10
1458,15
1459,8
1460,19
1461,14
1462,11
1463,9
1464,6
1465,6
1466,15
1467,11
1468,14
1469,15
1470,16
1471,16
1472,10
1473,14
1474,8
1475,23
1476,8
1477,22
1478,9
1479,8
1480,18
1481,10
1482,18
1483,12
1484,11
1485,10
1486,8
1487,13
1488,8
1489,10
1490,6
1491,17
1492,8
1493,13
1494,12
1495,7
1496,10
1497,11
1498,13
1499,13
1500,20
1501,8
1502,10
1503,11
1504,16
1505,12
1506,10
1507,8
1508,15
1509,16
1510,12
1511,17
1512,14
1513,9
1514,10
1515,11
1516,7
1517,7
1518,13
1519,19
1520,6
1521,6
1522,12
1523,18
1524,13
1525,7
1526,12
1527,11
1528,12
1529,8
1530,24
1531,11
1532,16
1533,12
1534,12
1535,11
1536,12
1537,8
1538,11
1539,19
1540,16
1541,16
1542,8
1543,25
1544,19
1545,15
1546,15
1547,16
1548,16
1549,7
1550,13
1551,21
1552,16
1553,15
1554,11
1555,5
1556,9
1557,11
1558,14
1559,9
1560,21
1561,19
1562,8
1563,12
1564,16
1565,9
1566,18
1567,9
1568,14
1569,13
1570,16
1571,23
1572,14
1573,7
1574,13
1575,13
1576,14
1577,7
1578,13
1579,13
1580,11
1581,16
1582,15
1583,10
1584,12
1585,9
1586,15
1587,15
1588,16
1589,12
1590,8
1591,7
1592,13
1593,7
1594,8
1595,10
1596,9
1597,11
1598,13
1599,8
1600,11
1601,18
1602,8
1603,11
1604,14
1605,11
1606,9
1607,9
1608,14
1609,17
1610,6
1611,15
1612,17
1613,15
1614,14
1615,18
1616,6
1617,13
1618,5
1619,16
1620,20
1621,16
1622,15
1623,10
1624,10
1625,12
1626,9
1627,11
1628,13
1629,9
1630,6
1631,16
1632,6
1633,15
1634,7
1635,23
1636,13
1637,9
1638,22
1639,6
1640,10
1641,11
1642,13
1643,10
1644,8
1645,10
1646,10
1647,15
1648,20
1649,13
1650,14
1651,14
1652,12
1653,13
1654,9
1655,8
1656,7
1657,19
1658,18
1659,11
1660,18
1661,12
1662,17
1663,14
1664,19
1665,7
1666,10
1667,15
1668,20
1669,9
1670,13
1671,6
1672,10
1673,19
1674,8
1675,17
1676,9
1677,14
1678,6
1679,10
1680,18
1681,10
1682,13
1683,11
1684,8
1685,9
1686,9
1687,19
1688,10
1689,8
1690,8
1691,13
1692,9
1693,10
1694,11
1695,10
1696,12
1697,10
1698,11
1699,14
1700,13
1701,13
1702,11
1703,9
1704,14
1705,12
1706,13
1707,6
1708,11
1709,9
1710,12
1711,9
1712,12
1713,7
1714,10
1715,9
1716,13
1717,13
1718,9
1719,24
1720,9
1721,10
1722,9
1723,9
1724,14
1725,12
1726,13
1727,11
1728,18
1729,10
1730,14
1731,11
1732,7
1733,12
1734,23
1735,14
1736,12
1737,10
1738,12
1739,7
1740,14
1741,13
1742,15
1743,8
1744,12
1745,19
1746,18
1747,8
1748,12
1749,16
1750,15
1751,16
1752,13
1753,9
1754,10
1755,12
1756,10
1757,9
1758,10
1759,12
1760,9
1761,17
1762,13
1763,15
1764,8
1765,14
1766,10
1767,24
1768,17
1769,15
1770,9
1771,11
1772,7
1773,12
1774,11
1775,11
1776,7
1777,16
1778,10
1779,8
1780,15
1781,9
1782,9
1783,9
1784,9
1785,10
1786,14
1787,13
1788,17
1789,11
1790,8
1791,7
1792,13
1793,9
1794,10
1795,16
1796,17
1797,6
1798,13
1799,7
1800,13
1801,11
1802,11
1803,6
1804,11
1805,9
1806,8
1807,7
1808,11
1809,14
1810,16
1811,21
1812,23
1813,13
1814,10
1815,18
1816,5
1817,11
1818,12
1819,15
1820,14
1821,16
1822,13
1823,9
1824,10
1825,8
1826,9
1827,9
1828,11
1829,9
1830,6
1831,10
1832,10
1833,9
1834,10
1835,11
1836,10
1837,10
1838,8
1839,8
1840,18
1841,17
1842,16
1843,14
1844,7
1845,12
1846,11
1847,7
1848,9
1849,7
1850,11
1851,11
1852,9
1853,14
1854,10
1855,9
1856,11
1857,14
1858,15
1859,15
1860,8
1861,21
1862,9
1863,14
1864,7
1865,15
1866,21
1867,9
1868,17
1869,22
1870,9
1871,7
1872,9
1873,10
1874,10
1875,12
1876,18
1877,15
1878,8
1879,7
1880,6
1881,17
1882,6
1883,21
1884,13
1885,9
1886,15
1887,11
1888,27
1889,15
1890,12
1891,8
1892,8
1893,15
1894,12
1895,17
1896,10
1897,9
1898,16
1899,10
1900,15
1901,11
1902,10
1903,12
1904,14
1905,7
1906,5
1907,15
1908,9
1909,8
1910,9
1911,8
1912,11
1913,14
1914,15
1915,8
1916,10
1917,21
1918,7
1919,12
1920,19
1921,10
1922,19
1923,8
1924,13
1925,7
1926,6
1927,9
1928,9
1929,18
1930,9
1931,15
1932,16
1933,10
1934,13
1935,10
1936,14
1937,11
1938,7
1939,11
1940,13
1941,12
1942,14
1943,7
1944,13
1945,6
1946,12
1947,14
1948,12
1949,7
1950,10
1951,9
1952,12
1953,11
1954,13
1955,7
1956,9
1957,16
1958,11
1959,15
1960,14
1961,8
1962,11
1963,10
1964,12
1965,18
1966,13
1967,8
1968,5
1969,8
1970,8
1971,16
1972,9
1973,8
1974,9
1975,22
1976,18
1977,5
1978,10
1979,7
1980,14
1981,6
1982,8
1983,10
1984,18
1985,11
1986,8
1987,10
1988,14
1989,12
1990,8
1991,11
1992,8
1993,14
1994,16
1995,12
1996,7
1997,13
1998,10
1999,5
2000,8
2001,6
2002,8
2003,11
2004,12
2005,9
2006,9
2007,8
2008,6
2009,13
2010,16
2011,14
2012,6
2013,13
2014,10
2015,10
2016,7
2017,9
2018,9
2019,10
2020,15
2021,19
2022,9
2023,15
2024,9
2025,9
2026,12
2027,8
2028,14
2029,6
2030,11
2031,12
2032,9
2033,15
2034,10
2035,13
2036,13
2037,17
2038,10
2039,20
2040,8
2041,16
2042,9
2043,11
2044,8
2045,10
2046,10
2047,17
2048,11
2049,10
2050,8
2051,18
2052,19
2053,16
2054,10
2055,10
2056,20
2057,11
2058,8
2059,8
2060,12
2061,13
2062,15
2063,8
2064,16
2065,19
2066,6
2067,16
2068,8
2069,13
2070,17
2071,11
2072,9
2073,7
2074,6
2075,10
2076,9
2077,9
2078,9
2079,8
2080,10
2081,7
2082,11
2083,14
2084,6
2085,10
2086,6
2087,24
2088,16
2089,16
2090,7
2091,9
2092,9
2093,12
2094,16
2095,11
2096,9
2097,14
2098,10
2099,14
2100,8
2101,12
2102,12
2103,9
2104,11
2105,14
2106,10
2107,8
2108,7
2109,8
2110,7
2111,8
2112,12
2113,6
2114,10
2115,11
2116,15
2117,9
2118,9
2119,8
2120,9
2121,9
2122,13
2123,12
2124,11
2125,10
2126,12
2127,10
2128,11
2129,16
2130,11
2131,13
2132,13
2133,16
2134,6
2135,12
2136,11
2137,12
2138,11
2139,9
2140,13
2141,12
2142,9
2143,8
2144,11
2145,12
2146,11
2147,12
2148,11
2149,12
2150,18
2151,9
2152,14
2153,12
2154,11
2155,10
2156,11
2157,13
2158,10
2159,15
2160,15
2161,9
2162,10
2163,5
2164,12
2165,13
2166,14
2167,9
2168,23
2169,9
2170,13
2171,6
2172,11
2173,14
2174,8
2175,18
2176,14
2177,10
2178,10
2179,17
2180,8
2181,6
2182,14
2183,12
2184,10
2185,18
2186,9
2187,16
2188,7
2189,9
2190,12
2191,10
2192,18
2193,13
2194,25
2195,11
2196,9
2197,8
2198,9
2199,6
2200,11
2201,7
2202,8
2203,8
2204,14
2205,8
2206,11
2207,15
2208,17
2209,10
2210,18
2211,9
2212,16
2213,10
2214,7
2215,14
2216,6
2217,15
2218,6
2219,12
2220,12
2221,13
2222,9
2223,5
2224,10
2225,10
2226,10
2227,15
2228,9
2229,15
2230,6
2231,11
2232,16
2233,8
2234,6
2235,12
2236,5
2237,9
2238,19
2239,7
2240,6
2241,7
2242,10
2243,7
2244,10
2245,8
2246,12
2247,14
2248,12
2249,9
2250,14
2251,6
2252,5
2253,12
2254,8
2255,20
2256,11
2257,8
2258,12
2259,9
2260,8
2261,15
2262,8
2263,16
2264,11
2265,14
2266,9
2267,11
2268,9
2269,13
2270,15
2271,7
2272,13
2273,5
2274,10
2275,7
2276,9
2277,14
2278,8
2279,9
2280,12
2281,6
2282,13
2283,10
2284,8
2285,6
2286,7
2287,8
2288,12
2289,11
2290,7
2291,14
2292,15
2293,8
2294,8
2295,10
2296,9
2297,9
2298,6
2299,12
2300,15
2301,12
2302,6
2303,11
2304,9
2305,9
2306,17
2307,6
2308,8
2309,10
2310,9
2311,11
2312,9
2313,7
2314,15
2315,10
2316,13
2317,10
2318,11
2319,9
2320,6
2321,17
2322,16
2323,10
2324,12
2325,10
2326,10
2327,9
2328,11
2329,6
2330,23
2331,9
2332,7
2333,9
2334,7
2335,6
2336,6
2337,9
2338,13
2339,14
2340,9
2341,7
2342,12
2343,9
2344,11
2345,9
2346,9
2347,12
2348,18
2349,12
2350,10
2351,10
2352,12
2353,7
2354,10
2355,11
2356,10
2357,6
2358,10
2359,6
2360,7
2361,13
2362,12
2363,12
2364,15
2365,17
2366,14
2367,8
2368,9
2369,7
2370,10
2371,14
2372,10
2373,8
2374,12
2375,7
2376,12
2377,5
2378,9
2379,15
2380,10
2381,8
2382,14
2383,12
2384,12
2385,7
2386,9
2387,7
2388,7
2389,10
2390,10
2391,14
2392,12
2393,9
2394,16
2395,7
2396,13
2397,15
2398,14
2399,18
2400,15
2401,8
2402,9
2403,7
2404,7
2405,12
2406,18
2407,8
2408,7
2409,11
2410,8
2411,5
2412,9
2413,10
2414,12
2415,8
2416,11
2417,8
2418,5
2419,16
2420,14
2421,11
2422,10
2423,8
2424,5
2425,10
2426,19
2427,8
2428,11
2429,8
2430,10
2431,14
2432,10
2433,16
2434,16
2435,10
2436,10
2437,13
2438,6
2439,16
2440,11
2441,9
2442,6
2443,6
2444,10
2445,7
2446,10
2447,7
2448,11
2449,11
2450,13
2451,8
2452,12
2453,10
2454,7
2455,9
2456,15
2457,8
2458,11
2459,11
2460,6
2461,8
2462,12
2463,8
2464,7
2465,12
2466,10
2467,17
2468,11
2469,12
2470,7
2471,11
2472,12
2473,7
2474,15
2475,16
2476,7
2477,5
2478,7
2479,8
2480,20
2481,11
2482,12
2483,11
2484,14
2485,12
2486,12
2487,14
2488,11
2489,11
2490,9
2491,6
2492,9
2493,9
2494,9
2495,9
2496,5
2497,8
2498,8
2499,6
2500,13
2501,8
2502,14
2503,9
2504,10
2505,7
2506,10
2507,11
2508,7
2509,8
2510,12
2511,8
2512,15
2513,8
2514,7
2515,7
2516,11
2517,8
2518,16
2519,12
2520,7
2521,6
2522,8
2523,11
2524,8
2525,15
2526,8
2527,10
2528,9
2529,6
2530,12
2531,14
2532,7
2533,9
2534,17
2535,7
2536,14
2537,8
2538,8
2539,5
2540,15
2541,10
2542,9
2543,8
2544,11
2545,11
2546,14
2547,8
2548,8
2549,9
2550,10
2551,8
2552,8
2553,10
2554,10
2555,24
2556,21
2557,13
2558,17
2559,6
2560,15
2561,6
2562,5
2563,13
2564,9
2565,7
2566,13
2567,6
2568,8
2569,6
2570,9
2571,8
2572,9
2573,14
2574,9
2575,5
2576,6
2577,8
2578,7
2579,11
2580,12
2581,9
2582,10
2583,8
2584,8
2585,9
2586,9
2587,8
2588,6
2589,9
2590,10
2591,11
2592,17
2593,6
2594,13
2595,8
2596,11
2597,12
2598,8
2599,11
2600,12
2601,12
2602,14
2603,7
2604,8
2605,7
2606,6
2607,11
2608,17
2609,9
2610,11
2611,8
2612,9
2613,8
2614,7
2615,10
2616,10
2617,8
2618,10
2619,13
2620,10
2621,5
2622,6
2623,12
2624,9
2625,8
2626,9
2627,7
2628,9
2629,6
2630,13
2631,8
2632,7
2633,11
2634,7
2635,9
2636,13
2637,13
2638,11
2639,15
2640,6
2641,9
2642,10
2643,11
2644,10
2645,10
2646,13
2647,7
2648,14
2649,11
2650,11
2651,10
2652,13
2653,7
2654,9
2655,9
2656,6
2657,14
2658,12
2659,6
2660,8
2661,13
2662,12
2663,11
2664,14
2665,12
2666,8
2667,8
2668,7
2669,6
2670,9
2671,9
2672,8
2673,9
2674,5
2675,7
2676,7
2677,15
2678,6
2679,10
2680,15
2681,8
2682,16
2683,10
2684,12
2685,10
2686,11
2687,11
2688,9
2689,16
2690,7
2691,12
2692,6
2693,13
2694,8
2695,11
2696,8
2697,5
2698,13
2699,9
2700,6
2701,14
2702,10
2703,13
2704,10
2705,6
2706,10
2707,12
2708,15
2709,11
2710,7
2711,11
2712,9
2713,15
2714,6
2715,9
2716,12
2717,6
2718,10
2719,11
2720,6
2721,7
2722,10
2723,11
2724,8
2725,8
2726,6
2727,9
2728,11
2729,9
2730,9
2731,8
2732,11
2733,9
2734,10
2735,11
2736,9
2737,10
2738,10
2739,12
2740,12
2741,6
2742,10
2743,15
2744,9
2745,11
2746,24
2747,9
2748,10
2749,7
2750,7
2751,7
2752,10
2753,11
2754,7
2755,8
2756,10
2757,9
2758,8
2759,7
2760,9
2761,7
2762,8
2763,8
2764,10
2765,12
2766,11
2767,7
2768,11
2769,8
2770,8
2771,7
2772,8
2773,8
2774,6
2775,12
2776,9
2777,12
2778,9
2779,14
2780,13
2781,7
2782,13
2783,5
2784,10
2785,10
2786,8
2787,11
2788,9
2789,16
2790,15
2791,7
2792,8
2793,8
2794,6
2795,8
2796,12
2797,7
2798,8
2799,7
2800,9
2801,9
2802,9
2803,14
2804,9
2805,14
2806,11
2807,7
2808,12
2809,9
2810,10
2811,10
2812,8
2813,5
2814,10
2815,5
2816,5
2817,8
2818,12
2819,7
2820,6
2821,7
2822,13
2823,8
2824,8
2825,12
2826,8
2827,11
2828,9
2829,7
2830,12
2831,11
2832,12
2833,6
2834,11
2835,16
2836,6
2837,7
2838,11
2839,11
2840,7
2841,8
2842,6
2843,13
2844,8
2845,8
2846,9
2847,7
2848,9
2849,10
2850,8
2851,16
2852,13
2853,6
2854,10
2855,8
2856,6
2857,16
2858,7
2859,12
2860,12
2861,8
2862,10
2863,8
2864,7
2865,12
2866,8
2867,9
2868,6
2869,10
2870,9
2871,6
2872,8
2873,16
2874,10
2875,8
2876,11
2877,8
2878,8
2879,10
2880,7
2881,10
2882,7
2883,7
2884,10
2885,8
2886,7
2887,14
2888,8
2889,15
2890,8
2891,5
2892,10
2893,6
2894,9
2895,7
2896,9
2897,8
2898,10
2899,11
2900,7
2901,8
2902,7
2903,13
2904,12
2905,7
2906,14
2907,9
2908,8
2909,12
2910,9
2911,10
2912,9
2913,8
2914,11
2915,6
2916,11
2917,9
2918,12
2919,14
2920,9
2921,7
2922,8
2923,7
2924,9
2925,6
2926,6
2927,6
2928,7
2929,9
2930,7
2931,10
2932,7
2933,12
2934,9
2935,7
2936,10
2937,7
2938,6
2939,17
2940,7
2941,8
2942,8
2943,9
2944,5
2945,8
2946,10
2947,10
2948,6
2949,7
2950,8
2951,16
2952,6
2953,10
2954,8
2955,12
2956,8
2957,8
2958,11
2959,10
2960,8
2961,11
2962,6
2963,12
2964,9
2965,7
2966,6
2967,10
2968,7
2969,14
2970,9
2971,10
2972,8
2973,9
2974,7
2975,6
2976,9
2977,7
2978,10
2979,8
2980,5
2981,8
2982,12
2983,9
2984,13
2985,8
2986,15
2987,10
2988,19
2989,7
2990,10
2991,9
2992,11
2993,11
2994,12
2995,11
2996,12
2997,6
2998,18
2999,13
3000,8
3001,8
3002,11
3003,10
3004,12
3005,8
3006,6
3007,12
3008,9
3009,7
3010,5
3011,11
3012,6
3013,9
3014,10
3015,5
3016,6
3017,6
3018,10
3019,10
3020,7
3021,10
3022,6
3023,11
3024,10
3025,13
3026,6
3027,5
3028,10
3029,7
3030,8
3031,14
3032,9
3033,10
3034,10
3035,8
3036,12
3037,12
3038,8
3039,11
3040,13
3041,6
3042,7
3043,11
3044,6
3045,7
3046,7
3047,7
3048,14
3049,7
3050,10
3051,9
3052,10
3053,11
3054,12
3055,5
3056,10
3057,6
3058,7
3059,8
3060,14
3061,15
3062,7
3063,9
3064,12
3065,12
3066,11
3067,6
3068,9
3069,6
3070,10
3071,7
3072,13
3073,5
3074,7
3075,9
3076,8
3077,10
3078,6
3079,9
3080,8
3081,9
3082,10
3083,9
3084,9
3085,12
3086,12
3087,13
3088,6
3089,6
3090,5
3091,6
3092,5
3093,8
3094,12
3095,6
3096,7
3097,11
3098,7
3099,15
3100,9
3101,8
3102,8
3103,14
3104,5
3105,11
3106,9
3107,13
3108,9
3109,10
3110,5
3111,8
3112,7
3113,11
3114,6
3115,7
3116,6
3117,7
3118,6
3119,5
3120,9
3121,16
3122,10
3123,9
3124,12
3125,8
3126,11
3127,7
3128,10
3129,6
3130,11
3131,10
3132,8
3133,9
3134,6
3135,7
3136,13
3137,7
3138,10
3139,10
3140,9
3141,6
3142,10
3143,7
3144,5
3145,6
3146,12
3147,13
3148,6
3149,11
3150,12
3151,7
3152,7
3153,10
3154,5
3155,8
3156,7
3157,9
3158,5
3159,9
3160,6
3161,5
3162,5
3163,16
3164,13
3165,11
3166,9
3167,9
3168,13
3169,11
3170,7
3171,6
3172,5
3173,9
3174,9
3175,13
3176,10
3177,7
3178,6
3179,6
3180,11
3181,10
3182,6
3183,10
3184,10
3185,7
3186,9
3187,7
3188,8
3189,12
3190,9
3191,8
3192,9
3193,7
3194,8
3195,7
3196,13
3197,9
3198,9
3199,9
3200,14
3201,7
3202,9
3203,8
3204,7
3205,7
3206,9
3207,6
3208,6
3209,9
3210,10
3211,8
3212,9
3213,9
3214,8
3215,9
3216,8
3217,13
3218,15
3219,8
3220,6
3221,7
3222,7
3223,8
3224,6
3225,10
3226,8
3227,13
3228,7
3229,11
3230,5
3231,9
3232,12
3233,6
3234,8
3235,12
3236,6
3237,5
3238,5
3239,7
3240,8
3241,7
3242,11
3243,5
3244,6
3245,10
3246,11
3247,5
3248,8
3249,6
3250,10
3251,12
3252,10
3253,13
3254,14
3255,11
3256,8
3257,10
3258,7
3259,5
3260,10
3261,6
3262,15
3263,6
3264,8
3265,9
3266,7
3267,9
3268,11
3269,8
3270,9
3271,10
3272,10
3273,8
3274,11
3275,5
3276,5
3277,9
3278,11
3279,6
3280,9
3281,10
3282,8
3283,10
3284,11
3285,9
3286,9
3287,9
3288,10
3289,9
3290,13
3291,9
3292,9
3293,8
3294,6
3295,10
3296,13
3297,6
3298,6
3299,6
3300,9
3301,11
3302,9
3303,9
3304,5
3305,9
3306,7
3307,8
3308,9
3309,10
3310,6
3311,6
3312,8
3313,8
3314,9
3315,10
3316,5
3317,19
3318,7
3319,13
3320,7
3321,10
3322,9
3323,12
3324,11
3325,8
3326,5
3327,8
3328,13
3329,8
3330,13
3331,9
3332,14
3333,8
3334,7
3335,12
3336,12
3337,6
3338,10
3339,7
3340,13
3341,6
3342,8
3343,7
3344,10
3345,13
3346,7
3347,7
3348,13
3349,8
3350,13
3351,11
3352,8
3353,8
3354,9
3355,5
3356,10
3357,6
3358,8
3359,6
3360,7
3361,11
3362,9
3363,18
3364,8
3365,7
3366,11
3367,7
3368,7
3369,10
3370,7
3371,7
3372,13
3373,8
3374,5
3375,10
3376,7
3377,10
3378,7
3379,10
3380,7
3381,9
3382,9
3383,11
3384,7
3385,8
3386,7
3387,9
3388,6
3389,8
3390,5
3391,7
3392,12
3393,5
3394,8
3395,6
3396,8
3397,7
3398,5
3399,5
3400,12
3401,11
3402,8
3403,11
3404,6
3405,6
3406,19
3407,7
3408,12
3409,7
3410,8
3411,6
3412,9
3413,12
3414,9
3415,6
3416,8
3417,11
3418,6
3419,9
3420,11
3421,8
3422,6
3423,7
3424,8
3425,11
3426,8
3427,10
3428,5
3429,13
3430,13
3431,8
3432,8
3433,5
3434,6
3435,6
3436,10
3437,6
3438,10
3439,10
3440,13
3441,8
3442,7
3443,8
3444,8
3445,7
3446,12
3447,8
3448,6
3449,9
3450,13
3451,11
3452,7
3453,10
3454,6
3455,11
3456,8
3457,10
3458,9
3459,12
3460,6
3461,10
3462,7
3463,5
3464,7
3465,13
3466,8
3467,6
3468,6
3469,12
3470,9
3471,9
3472,7
3473,6
3474,8
3475,8
3476,12
3477,9
3478,6
3479,8
3480,15
3481,5
3482,7
3483,7
3484,10
3485,9
3486,6
3487,7
3488,6
3489,6
3490,6
3491,6
3492,8
3493,7
3494,11
3495,7
3496,12
3497,6
3498,7
3499,6
3500,8
3501,7
3502,12
3503,6
3504,7
3505,7
3506,8
3507,7
3508,9
3509,9
3510,10
3511,9
3512,7
3513,11
3514,7
3515,9
3516,6
3517,7
3518,5
3519,9
3520,6
3521,6
3522,8
3523,6
3524,10
3525,12
3526,13
3527,5
3528,11
3529,9
3530,10
3531,8
3532,16
3533,15
3534,12
3535,10
3536,5
3537,7
3538,10
3539,12
3540,9
3541,10
3542,11
3543,12
3544,10
3545,7
3546,7
3547,8
3548,5
3549,9
3550,8
3551,6
3552,5
3553,10
3554,11
3555,9
3556,11
3557,9
3558,5
3559,9
3560,11
3561,11
3562,7
3563,6
3564,6
3565,10
3566,6
3567,5
3568,7
3569,5
3570,9
3571,6
3572,8
3573,5
3574,8
3575,10
3576,6
3577,7
3578,6
3579,8
3580,7
3581,6
3582,10
3583,7
3584,8
3585,8
3586,8
3587,6
3588,6
3589,7
3590,6
3591,6
3592,10
3593,6
3594,6
3595,11
3596,5
3597,8
3598,7
3599,6
3600,12
3601,6
3602,6
3603,8
3604,8
3605,10
3606,5
3607,5
3608,13
3609,11
3610,6
3611,5
3612,6
3613,12
3614,11
3615,7
3616,7
3617,8
3618,7
3619,11
3620,7
3621,12
3622,10
3623,8
3624,5
3625,5
3626,8
3627,8
3628,9
3629,8
3630,9
3631,9
3632,9
3633,13
3634,8
3635,8
3636,8
3637,9
3638,8
3639,7
3640,9
3641,8
3642,7
3643,6
3644,7
3645,7
3646,7
3647,7
3648,12
3649,7
3650,9
3651,8
3652,9
3653,7
3654,9
3655,10
3656,13
3657,7
3658,5
3659,7
3660,5
3661,7
3662,11
3663,14
3664,10
3665,10
3666,11
3667,14
3668,9
3669,8
3670,9
3671,8
3672,6
3673,9
3674,7
3675,8
3676,10
3677,7
3678,5
3679,10
3680,6
3681,9
3682,10
3683,10
3684,8
3685,7
3686,8
3687,7
3688,8
3689,9
3690,6
3691,9
3692,6
3693,13
3694,7
3695,8
3696,6
3697,5
3698,7
3699,6
3700,8
3701,10
3702,7
3703,8
3704,10
3705,10
3706,6
3707,15
3708,6
3709,6
3710,7
3711,8
3712,6
3713,9
3714,8
3715,6
3716,7
3717,11
3718,10
3719,8
3720,6
3721,6
3722,9
3723,6
3724,8
3725,5
3726,8
3727,8
3728,10
3729,9
3730,5
3731,7
3732,9
3733,8
3734,10
3735,9
3736,9
3737,8
3738,6
3739,8
3740,9
3741,13
3742,11
3743,9
3744,6
3745,11
3746,15
3747,5
3748,8
3749,14
3750,8
3751,8
3752,11
3753,5
3754,10
3755,8
3756,10
3757,6
3758,8
3759,5
3760,8
3761,13
3762,6
3763,10
3764,6
3765,8
3766,10
3767,8
3768,7
3769,11
3770,7
3771,14
3772,5
3773,10
3774,7
3775,8
3776,10
3777,7
3778,9
3779,7
3780,5
3781,9
3782,9
3783,7
3784,9
3785,8
3786,9
3787,6
3788,9
3789,10
3790,5
3791,11
3792,5
3793,6
3794,11
3795,11
3796,5
3797,10
3798,8
3799,6
3800,8
3801,6
3802,6
3803,8
3804,6
3805,6
3806,9
3807,9
3808,16
3809,9
3810,7
3811,7
3812,9
3813,13
3814,9
3815,5
3816,13
3817,10
3818,7
3819,9
3820,5
3821,10
3822,11
3823,7
3824,12
3825,5
3826,6
3827,8
3828,12
3829,6
3830,8
3831,5
3832,6
3833,5
3834,11
3835,9
3836,8
3837,5
3838,9
3839,7
3840,11
3841,7
3842,5
3843,6
3844,7
3845,7
3846,11
3847,8
3848,8
3849,11
3850,7
3851,6
3852,6
3853,9
3854,6
3855,8
3856,14
3857,6
3858,10
3859,9
3860,8
3861,8
3862,12
3863,7
3864,7
3865,7
3866,10
3867,11
3868,11
3869,6
3870,11
3871,6
3872,6
3873,11
3874,12
3875,10
3876,9
3877,6
3878,11
3879,5
3880,7
3881,8
3882,9
3883,10
3884,8
3885,8
3886,8
3887,11
3888,6
3889,8
3890,8
3891,6
3892,7
3893,10
3894,7
3895,8
3896,9
3897,8
3898,8
3899,9
3900,9
3901,7
3902,7
3903,5
3904,6
3905,5
3906,12
3907,8
3908,7
3909,6
3910,7
3911,9
3912,7
3913,8
3914,10
3915,12
3916,7
3917,7
3918,9
3919,6
3920,6
3921,9
3922,8
3923,5
3924,8
3925,8
3926,9
3927,8
3928,9
3929,9
3930,13
3931,9
3932,8
3933,7
3934,7
3935,5
3936,8
3937,12
3938,9
3939,6
3940,5
3941,8
3942,8
3943,8
3944,5
3945,10
3946,8
3947,11
3948,9
3949,11
3950,6
3951,8
3952,5
3953,10
3954,9
3955,7
3956,5
3957,7
3958,13
3959,7
3960,7
3961,7
3962,8
3963,5
3964,11
3965,10
3966,10
3967,6
3968,6
3969,8
3970,8
3971,7
3972,8
3973,5
3974,12
3975,9
3976,6
3977,7
3978,6
3979,5
3980,9
3981,7
3982,6
3983,10
3984,9
3985,7
3986,8
3987,11
3988,9
3989,12
3990,8
3991,5
3992,8
3993,8
3994,6
3995,8
3996,8
3997,6
3998,6
3999,6
4000,9
4001,6
4002,6
4003,7
4004,7
4005,8
4006,12
4007,7
4008,8
4009,6
4010,6
4011,5
4012,6
4013,5
4014,8
4015,8
4016,7
4017,5
4018,8
4019,8
4020,6
4021,8
4022,6
4023,5
4024,9
4025,7
4026,7
4027,6
4028,6
4029,6
4030,9
4031,7
4032,7
4033,10
4034,7
4035,9
4036,7
4037,5
4038,6
4039,7
4040,10
4041,9
4042,10
4043,10
4044,9
4045,7
4046,6
4047,13
4048,8
4049,9
4050,10
4051,5
4052,9
4053,10
4054,6
4055,7
4056,7
4057,7
4058,6
4059,16
4060,9
4061,7
4062,14
4063,6
4064,8
4065,5
4066,7
4067,5
4068,8
4069,6
4070,13
4071,9
4072,7
4073,6
4074,10
4075,9
4076,7
4077,5
4078,10
4079,5
4080,6
4081,7
4082,7
4083,8
4084,10
4085,6
4086,7
4087,7
4088,7
4089,6
4090,5
4091,7
4092,8
4093,11
4094,6
4095,12
4096,7
4097,13
4098,8
4099,15
4100,5
4101,9
4102,5
4103,13
4104,8
4105,6
4106,6
4107,7
4108,8
4109,10
4110,5
4111,8
4112,9
4113,8
4114,6
4115,5
4116,6
4117,11
4118,9
4119,9
4120,11
4121,6
4122,9
4123,7
4124,5
4125,8
4126,6
4127,8
4128,5
4129,10
4130,9
4131,6
4132,8
4133,9
4134,5
4135,7
4136,6
4137,8
4138,5
4139,8
4140,8
4141,7
4142,5
4143,5
4144,8
4145,5
4146,7
4147,7
4148,9
4149,7
4150,5
4151,5
4152,7
4153,6
4154,7
4155,9
4156,5
4157,8
4158,9
4159,7
4160,5
4161,7
4162,9
4163,15
4164,8
4165,7
4166,6
4167,7
4168,6
4169,8
4170,6
4171,8
4172,9
4173,8
4174,5
4175,9
4176,6
4177,6
4178,5
4179,6
4180,5
4181,6
4182,9
4183,9
4184,7
4185,8
4186,8
4187,5
4188,9
4189,5
4190,7
4191,8
4192,5
4193,12
4194,9
4195,9
4196,6
4197,5
4198,8
4199,6
4200,9
4201,6
4202,10
4203,9
4204,6
4205,6
4206,10
4207,10
4208,8
4209,6
4210,7
4211,5
4212,7
4213,9
4214,8
4215,9
4216,6
4217,6
4218,7
4219,8
4220,5
4221,6
4222,6
4223,9
4224,10
4225,11
4226,6
4227,7
4228,7
4229,9
4230,9
4231,7
4232,8
4233,11
4234,5
4235,6
4236,9
4237,7
4238,9
4239,11
4240,8
4241,14
4242,6
4243,8
4244,6
4245,7
4246,5
4247,8
4248,5
4249,5
4250,8
4251,6
4252,5
4253,6
4254,8
4255,8
4256,8
4257,8
4258,9
4259,7
4260,8
4261,8
4262,5
4263,9
4264,11
4265,7
4266,10
4267,6
4268,6
4269,5
4270,10
4271,5
4272,7
4273,7
4274,9
4275,7
4276,7
4277,10
4278,7
4279,6
4280,6
4281,7
4282,9
4283,7
4284,7
4285,8
4286,11
4287,6
4288,8
4289,6
4290,5
4291,6
4292,6
4293,6
4294,7
4295,10
4296,5
4297,12
4298,6
4299,8
4300,5
4301,6
4302,8
4303,7
4304,8
4305,8
4306,14
4307,7
4308,10
4309,9
4310,8
4311,6
4312,7
4313,6
4314,7
4315,9
4316,6
4317,8
4318,9
4319,8
4320,5
4321,5
4322,11
4323,6
4324,8
4325,9
4326,7
4327,7
4328,8
4329,8
4330,8
4331,7
4332,6
4333,9
4334,8
4335,10
4336,6
4337,5
4338,5
4339,5
4340,7
4341,6
4342,7
4343,9
4344,5
4345,10
4346,6
4347,10
4348,7
4349,7
4350,7
4351,7
4352,5
4353,9
4354,10
4355,9
4356,7
4357,8
4358,5
4359,11
4360,7
4361,5
4362,9
4363,5
4364,5
4365,7
4366,5
4367,6
4368,9
4369,8
4370,7
4371,8
4372,9
4373,6
4374,9
4375,6
4376,6
4377,6
4378,9
4379,9
4380,8
4381,7
4382,8
4383,11
4384,8
4385,8
4386,8
4387,8
4388,11
4389,9
4390,6
4391,5
4392,6
4393,5
4394,15
4395,6
4396,5
4397,11
4398,5
4399,9
4400,9
4401,6
4402,6
4403,8
4404,6
4405,6
4406,8
4407,6
4408,5
4409,6
4410,5
4411,6
4412,8
4413,9
4414,6
4415,9
4416,6
4417,5
4418,7
4419,5
4420,6
4421,7
4422,5
4423,8
4424,7
4425,10
4426,5
4427,10
4428,8
4429,5
4430,7
4431,6
4432,7
4433,6
4434,9
4435,8
4436,9
4437,7
4438,6
4439,5
4440,5
4441,11
4442,7
4443,7
4444,5
4445,5
4446,5
4447,7
4448,11
4449,6
4450,8
4451,13
4452,5
4453,8
4454,8
4455,8
4456,7
4457,5
4458,7
4459,8
4460,7
4461,8
4462,6
4463,10
4464,5
4465,8
4466,11
4467,7
4468,7
4469,8
4470,14
4471,7
4472,7
4473,8
4474,6
4475,5
4476,8
4477,8
4478,7
4479,8
4480,11
4481,7
4482,6
4483,7
4484,8
4485,6
4486,8
4487,13
4488,9
4489,9
4490,7
4491,6
4492,5
4493,9
4494,8
4495,6
4496,7
4497,5
4498,8
4499,9
4500,7
4501,5
4502,7
4503,6
4504,8
4505,6
4506,7
4507,11
4508,6
4509,5
4510,6
4511,8
4512,7
4513,11
4514,8
4515,5
4516,6
4517,7
4518,7
4519,11
4520,5
4521,7
4522,6
4523,6
4524,8
4525,5
4526,10
4527,11
4528,6
4529,6
4530,7
4531,10
4532,5
4533,5
4534,6
4535,9
4536,12
4537,8
4538,5
4539,7
4540,7
4541,9
4542,8
4543,7
4544,6
4545,9
4546,9
4547,8
4548,6
4549,9
4550,9
4551,9
4552,13
4553,10
4554,7
4555,6
4556,6
4557,8
4558,7
4559,7
4560,8
4561,6
4562,7
4563,6
4564,8
4565,5
4566,7
4567,8
4568,11
4569,7
4570,6
4571,6
4572,8
4573,10
4574,6
4575,8
4576,8
4577,8
4578,8
4579,7
4580,8
4581,11
4582,5
4583,6
4584,7
4585,9
4586,5
4587,6
4588,7
4589,5
4590,9
4591,6
4592,5
4593,8
4594,5
4595,5
4596,8
4597,6
4598,5
4599,6
4600,6
4601,10
4602,6
4603,6
4604,10
4605,7
4606,11
4607,7
4608,8
4609,6
4610,6
4611,9
4612,7
4613,6
4614,12
4615,5
4616,11
4617,7
4618,6
4619,8
4620,5
4621,11
4622,8
4623,7
4624,5
4625,7
4626,8
4627,6
4628,5
4629,6
4630,10
4631,10
4632,6
4633,9
4634,13
4635,8
4636,6
4637,6
4638,5
4639,6
4640,6
4641,7
4642,8
4643,7
4644,6
4645,9
4646,6
4647,8
4648,6
4649,12
4650,6
4651,7
4652,7
4653,6
4654,7
4655,5
4656,8
4657,10
4658,7
4659,9
4660,7
4661,7
4662,6
4663,5
4664,5
4665,6
4666,10
4667,9
4668,5
4669,8
4670,9
4671,8
4672,9
4673,10
4674,8
4675,7
4676,6
4677,8
4678,6
4679,9
4680,8
4681,7
4682,10
4683,8
4684,8
4685,8
4686,5
4687,7
4688,11
4689,13
4690,6
4691,6
4692,7
4693,6
4694,7
4695,7
4696,11
4697,8
4698,6
4699,6
4700,13
4701,7
4702,6
4703,11
4704,6
4705,7
4706,9
4707,5
4708,9
4709,7
4710,6
4711,7
4712,5
4713,6
4714,6
4715,7
4716,8
4717,7
4718,11
4719,6
4720,14
4721,9
4722,7
4723,9
4724,5
4725,6
4726,6
4727,9
4728,9
4729,9
4730,6
4731,6
4732,9
4733,7
4734,8
4735,8
4736,11
4737,6
4738,7
4739,7
4740,5
4741,8
4742,6
4743,6
4744,11
4745,5
4746,9
4747,6
4748,6
4749,6
4750,10
4751,5
4752,8
4753,6
4754,11
4755,12
4756,6
4757,5
4758,10
4759,11
4760,6
4761,6
4762,7
4763,10
4764,10
4765,7
4766,9
4767,6
4768,8
4769,6
4770,8
4771,8
4772,11
4773,10
4774,8
4775,5
4776,10
4777,5
4778,7
4779,6
4780,6
4781,8
4782,8
4783,6
4784,6
4785,10
4786,5
4787,5
4788,9
4789,7
4790,9
4791,6
4792,7
4793,6
4794,7
4795,8
4796,7
4797,10
4798,6
4799,7
4800,6
4801,14
4802,7
4803,8
4804,8
4805,7
4806,8
4807,9
4808,8
4809,7
4810,7
4811,6
4812,8
4813,7
4814,6
4815,9
4816,5
4817,8
4818,7
4819,8
4820,6
4821,9
4822,7
4823,5
4824,8
4825,7
4826,5
4827,8
4828,8
4829,9
4830,9
4831,5
4832,6
4833,5
4834,7
4835,10
4836,9
4837,6
4838,5
4839,6
4840,8
4841,7
4842,7
4843,7
4844,9
4845,6
4846,5
4847,8
4848,10
4849,11
4850,7
4851,6
4852,7
4853,5
4854,9
4855,12
4856,7
4857,6
4858,7
4859,8
4860,7
4861,7
4862,6
4863,7
4864,6
4865,8
4866,5
4867,6
4868,8
4869,11
4870,9
4871,7
4872,10
4873,10
4874,8
4875,5
4876,6
4877,6
4878,7
4879,5
4880,7
4881,5
4882,5
4883,9
4884,6
4885,5
4886,6
4887,7
4888,6
4889,7
4890,12
4891,8
4892,5
4893,5
4894,8
4895,7
4896,8
4897,5
4898,7
4899,5
4900,9
4901,10
4902,6
4903,6
4904,6
4905,7
4906,5
4907,6
4908,7
4909,7
4910,9
4911,9
4912,5
4913,5
4914,7
4915,6
4916,9
4917,7
4918,7
4919,6
4920,6
4921,8
4922,7
4923,9
4924,8
4925,5
4926,7
4927,10
4928,8
4929,5
4930,5
4931,5
4932,6
4933,5
4934,8
4935,8
4936,6
4937,9
4938,9
4939,11
4940,10
4941,12
4942,8
4943,7
4944,8
4945,9
4946,9
4947,6
4948,5
4949,7
4950,8
4951,6
4952,6
4953,6
4954,8
4955,6
4956,7
4957,6
4958,8
4959,6
4960,7
4961,5
4962,6
4963,6
4964,6
4965,8
4966,9
4967,7
4968,8
4969,8
4970,5
4971,7
4972,5
4973,5
4974,6
4975,7
4976,7
4977,6
4978,8
4979,7
4980,13
4981,9
4982,7
4983,10
4984,7
4985,5
4986,6
4987,6
4988,7
4989,6
4990,9
4991,6
4992,6
4993,6
4994,9
4995,9
4996,7
4997,8
4998,6
4999,6
5000,7
5001,8
5002,10
5003,5
5004,6
5005,9
5006,6
5007,6
5008,10
5009,9
5010,6
5011,9
5012,7
5013,6
5014,5
5015,7
5016,9
5017,6
5018,8
5019,5
5020,8
5021,7
5022,7
5023,7
5024,8
5025,11
5026,6
5027,9
5028,9
5029,7
5030,6
5031,10
5032,7
5033,7
5034,6
5035,11
5036,7
5037,7
5038,6
5039,5
5040,5
5041,7
5042,7
5043,7
5044,7
5045,7
5046,7
5047,10
5048,6
5049,5
5050,6
5051,8
5052,8
5053,7
5054,5
5055,8
5056,6
5057,7
5058,6
5059,7
5060,5
5061,7
5062,10
5063,8
5064,6
5065,7
5066,6
5067,6
5068,8
5069,6
5070,5
5071,10
5072,5
5073,5
5074,6
5075,9
5076,9
5077,9
5078,6
5079,9
5080,6
5081,5
5082,6
5083,7
5084,6
5085,6
5086,8
5087,5
5088,6
5089,8
5090,7
5091,5
5092,8
5093,6
5094,5
5095,7
5096,8
5097,6
5098,7
5099,5
5100,8
5101,8
5102,6
5103,8
5104,5
5105,7
5106,6
5107,6
5108,6
5109,7
5110,7
5111,6
5112,6
5113,7
5114,6
5115,6
5116,5
5117,7
5118,8
5119,7
5120,6
5121,9
5122,7
5123,7
5124,6
5125,6
5126,11
5127,6
5128,6
5129,6
5130,8
5131,8
5132,5
5133,5
5134,8
5135,6
5136,7
5137,5
5138,6
5139,6
5140,5
5141,7
5142,5
5143,5
5144,13
5145,8
5146,5
5147,8
5148,8
5149,9
5150,6
5151,12
5152,8
5153,5
5154,7
5155,5
5156,10
5157,10
5158,5
5159,6
5160,7
5161,5
5162,10
5163,7
5164,6
5165,8
5166,5
5167,5
5168,6
5169,7
5170,5
5171,5
5172,6
5173,5
5174,7
5175,6
5176,8
5177,5
5178,10
5179,8
5180,5
5181,5
5182,6
5183,9
5184,6
5185,7
5186,7
5187,10
5188,6
5189,7
5190,6
5191,5
5192,11
5193,5
5194,7
5195,11
5196,7
5197,6
5198,6
5199,9
5200,6
5201,6
5202,7
5203,10
5204,8
5205,6
5206,7
5207,6
5208,7
5209,10
5210,9
5211,5
5212,6
5213,8
5214,7
5215,7
5216,6
5217,8
5218,7
5219,9
5220,7
5221,8
5222,5
5223,7
5224,6
5225,7
5226,5
5227,5
5228,5
5229,6
5230,7
5231,8
5232,8
5233,5
5234,7
5235,5
5236,6
5237,5
5238,6
5239,6
5240,7
5241,6
5242,8
5243,6
5244,5
5245,7
5246,11
5247,7
5248,9
5249,8
5250,7
5251,6
5252,8
5253,6
5254,6
5255,9
5256,7
5257,6
5258,5
5259,6
5260,7
5261,6
5262,7
5263,5
5264,7
5265,6
5266,11
5267,5
5268,7
5269,6
5270,10
5271,5
5272,5
5273,7
5274,8
5275,6
5276,7
5277,5
5278,8
5279,7
5280,10
5281,10
5282,8
5283,5
5284,9
5285,7
5286,5
5287,7
5288,9
5289,7
5290,7
5291,8
5292,5
5293,5
5294,5
5295,5
5296,8
5297,6
5298,6
5299,6
5300,6
5301,6
5302,10
5303,5
5304,6
5305,6
5306,7
5307,8
5308,7
5309,7
5310,8
5311,7
5312,6
5313,6
5314,5
5315,5
5316,5
5317,6
5318,8
5319,5
5320,6
5321,8
5322,9
5323,8
5324,8
5325,5
5326,9
5327,7
5328,9
5329,5
5330,7
5331,5
5332,9
5333,7
5334,9
5335,6
5336,6
5337,6
5338,6
5339,8
5340,7
5341,5
5342,8
5343,12
5344,6
5345,5
5346,9
5347,6
5348,7
5349,10
5350,7
5351,6
5352,7
5353,6
5354,5
5355,5
5356,5
5357,8
5358,9
5359,5
5360,7
5361,8
5362,11
5363,5
5364,5
5365,6
5366,6
5367,5
5368,6
5369,5
5370,5
5371,6
5372,9
5373,6
5374,6
5375,10
5376,6
5377,9
5378,6
5379,7
5380,5
5381,7
5382,7
5383,6
5384,8
5385,7
5386,6
5387,10
5388,7
5389,7
5390,7
5391,6
5392,5
5393,6
5394,6
5395,6
5396,6
5397,6
5398,6
5399,6
5400,8
5401,6
5402,9
5403,11
5404,5
5405,9
5406,6
5407,7
5408,7
5409,6
5410,7
5411,6
5412,8
5413,6
5414,6
5415,5
5416,5
5417,7
5418,9
5419,6
5420,9
5421,7
5422,6
5423,6
5424,6
5425,6
5426,5
5427,5
5428,6
5429,6
5430,8
5431,11
5432,8
5433,8
5434,5
5435,5
5436,5
5437,6
5438,8
5439,8
5440,5
5441,6
5442,6
5443,8
5444,11
5445,10
5446,5
5447,7
5448,6
5449,9
5450,7
5451,7
5452,6
5453,9
5454,8
5455,5
5456,5
5457,7
5458,7
5459,5
5460,9
5461,5
5462,5
5463,8
5464,6
5465,5
5466,8
5467,7
5468,6
5469,5
5470,10
5471,7
5472,7
5473,5
5474,5
5475,8
5476,6
5477,8
5478,6
5479,7
5480,5
5481,6
5482,6
5483,7
5484,6
5485,8
5486,5
5487,5
5488,5
5489,9
5490,5
5491,9
5492,6
5493,6
5494,6
5495,5
5496,7
5497,10
5498,7
5499,7
5500,6
5501,6
5502,7
5503,5
5504,7
5505,10
5506,7
5507,8
5508,8
5509,5
5510,7
5511,10
5512,5
5513,6
5514,8
5515,8
5516,7
5517,5
5518,5
5519,7
5520,14
5521,6
5522,6
5523,6
5524,8
5525,9
5526,8
5527,6
5528,11
5529,6
5530,7
5531,7
5532,6
5533,5
5534,5
5535,5
5536,6
5537,7
5538,9
5539,5
5540,6
5541,7
5542,6
5543,5
5544,9
5545,6
5546,8
5547,9
5548,11
5549,7
5550,6
5551,8
5552,5
5553,6
5554,14
5555,6
5556,10
5557,6
5558,6
5559,8
5560,6
5561,7
5562,7
5563,8
5564,6
5565,5
5566,9
5567,9
5568,7
5569,5
5570,6
5571,8
5572,10
5573,6
5574,7
5575,6
5576,10
5577,8
5578,7
5579,7
5580,7
5581,6
5582,6
5583,7
5584,6
5585,6
5586,8
5587,5
5588,5
5589,6
5590,9
5591,6
5592,8
5593,8
5594,7
5595,8
5596,6
5597,7
5598,5
5599,6
5600,8
5601,8
5602,7
5603,11
5604,6
5605,6
5606,7
5607,5
5608,7
5609,7
5610,9
5611,6
5612,6
5613,5
5614,7
5615,7
5616,6
5617,7
5618,9
5619,9
5620,6
5621,7
5622,6
5623,5
5624,8
5625,5
5626,9
5627,8
5628,6
5629,8
5630,6
5631,8
5632,5
5633,5
5634,8
5635,6
5636,6
5637,5
5638,6
5639,7
5640,5
5641,6
5642,5
5643,7
5644,7
5645,5
5646,7
5647,10
5648,5
5649,6
5650,11
5651,6
5652,7
5653,6
5654,5
5655,6
5656,6
5657,9
5658,8
5659,6
5660,9
5661,6
5662,6
5663,8
5664,6
5665,6
5666,5
5667,6
5668,7
5669,5
5670,7
5671,10
5672,9
5673,5
5674,8
5675,5
5676,5
5677,6
5678,6
5679,8
5680,5
5681,5
5682,7
5683,5
5684,6
5685,5
5686,9
5687,5
5688,5
5689,5
5690,10
5691,5
5692,5
5693,5
5694,6
5695,6
5696,5
5697,8
5698,6
5699,5
5700,6
5701,7
5702,6
5703,9
5704,6
5705,6
5706,7
5707,6
5708,8
5709,5
5710,8
5711,6
5712,9
5713,8
5714,7
5715,5
5716,5
5717,8
5718,7
5719,5
5720,5
5721,6
5722,9
5723,6
5724,6
5725,5
5726,6
5727,6
5728,7
5729,5
5730,6
5731,8
5732,6
5733,6
5734,6
5735,7
5736,5
5737,6
5738,5
5739,7
5740,8
5741,7
5742,6
5743,5
5744,5
5745,5
5746,5
5747,9
5748,7
5749,5
5750,7
5751,7
5752,6
5753,8
5754,5
5755,7
5756,5
5757,5
5758,9
5759,5
5760,7
5761,7
5762,6
5763,5
5764,7
5765,5
5766,7
5767,8
5768,7
5769,6
5770,8
5771,5
5772,5
5773,5
5774,6
5775,5
5776,5
5777,7
5778,8
5779,7
5780,7
5781,5
5782,7
5783,5
5784,7
5785,8
5786,7
5787,6
5788,7
5789,8
5790,6
5791,10
5792,6
5793,5
5794,6
5795,5
5796,8
5797,9
5798,5
5799,6
5800,6
5801,5
5802,6
5803,7
5804,7
5805,7
5806,6
5807,8
5808,9
5809,6
5810,10
5811,7
5812,8
5813,6
5814,7
5815,7
5816,5
5817,5
5818,6
5819,6
5820,7
5821,5
5822,7
5823,9
5824,8
5825,6
5826,5
5827,6
5828,7
5829,6
5830,9
5831,7
5832,9
5833,6
5834,8
5835,6
5836,5
5837,6
5838,9
5839,8
5840,5
5841,5
5842,6
5843,8
5844,10
5845,5
5846,5
5847,8
5848,8
5849,7
5850,8
5851,5
5852,8
5853,5
5854,5
5855,5
5856,6
5857,9
5858,7
5859,5
5860,5
5861,7
5862,7
5863,6
5864,5
5865,5
5866,5
5867,5
5868,5
5869,6
5870,6
5871,7
5872,7
5873,8
5874,5
5875,9
5876,6
5877,6
5878,7
5879,5
5880,10
5881,6
5882,9
5883,8
5884,6
5885,7
5886,5
5887,5
5888,6
5889,7
5890,6
5891,6
5892,9
5893,6
5894,5
5895,7
5896,5
5897,5
5898,5
5899,5
5900,5
5901,6
5902,7
5903,6
5904,5
5905,6
5906,13
5907,5
5908,5
5909,9
5910,5
5911,5
5912,11
5913,8
5914,6
5915,6
5916,5
5917,6
5918,5
5919,6
5920,6
5921,7
5922,5
5923,5
5924,7
5925,6
5926,5
5927,7
5928,5
5929,7
5930,8
5931,5
5932,7
5933,7
5934,6
5935,6
5936,8
5937,6
5938,5
5939,8
5940,6
5941,6
5942,7
5943,8
5944,8
5945,6
5946,9
5947,7
5948,7
5949,5
5950,6
5951,7
5952,5
5953,7
5954,8
5955,6
5956,5
5957,7
5958,7
5959,9
5960,6
5961,6
5962,7
5963,5
5964,8
5965,5
5966,9
5967,9
5968,8
5969,8
5970,8
5971,7
5972,9
5973,7
5974,6
5975,6
5976,8
5977,5
5978,8
5979,9
5980,5
5981,6
5982,6
5983,8
5984,8
5985,9
5986,6
5987,6
5988,6
5989,5
5990,6
5991,6
5992,6
5993,6
5994,6
5995,6
5996,7
5997,6
5998,6
5999,5
6000,7
6001,5
6002,9
6003,5
6004,5
6005,5
6006,6
6007,10
6008,7
6009,5
6010,7
6011,6
6012,7
6013,8
6014,5
6015,5
6016,6
6017,5
6018,6
6019,6
6020,6
6021,7
6022,6
6023,7
6024,6
6025,5
6026,6
6027,5
6028,5
6029,6
6030,5
6031,6
6032,7
6033,5
6034,11
6035,6
6036,8
6037,5
6038,9
6039,8
6040,7
6041,8
6042,6
6043,7
6044,7
6045,7
6046,8
6047,7
6048,5
6049,7
6050,6
6051,6
6052,6
6053,5
6054,8
6055,7
6056,5
6057,6
6058,9
6059,6
6060,5
6061,6
6062,5
6063,9
6064,6
6065,6
6066,6
6067,5
6068,5
6069,7
6070,6
6071,8
6072,7
6073,7
6074,6
6075,7
6076,6
6077,7
6078,5
6079,5
6080,6
6081,6
6082,7
6083,6
6084,5
6085,8
6086,5
6087,5
6088,7
6089,7
6090,7
6091,8
6092,8
6093,8
6094,7
6095,5
6096,5
6097,7
6098,8
6099,12
6100,5
6101,8
6102,6
6103,5
6104,5
6105,6
6106,8
6107,6
6108,8
6109,5
6110,5
6111,5
6112,7
6113,10
6114,5
6115,6
6116,6
6117,9
6118,5
6119,5
6120,8
6121,7
6122,5
6123,5
6124,5
6125,5
6126,6
6127,9
6128,6
6129,7
6130,6
6131,6
6132,7
6133,6
6134,7
6135,6
6136,6
6137,6
6138,6
6139,8
6140,6
6141,7
6142,6
6143,9
6144,9
6145,5
6146,8
6147,5
6148,8
6149,5
6150,10
6151,12
6152,5
6153,6
6154,9
6155,6
6156,5
6157,5
6158,5
6159,5
6160,5
6161,5
6162,9
6163,9
6164,6
6165,6
6166,7
6167,5
6168,5
6169,7
6170,6
6171,5
6172,9
6173,5
6174,6
6175,8
6176,8
6177,6
6178,7
6179,5
6180,6
6181,5
6182,5
6183,5
6184,5
6185,5
6186,6
6187,5
6188,8
6189,7
6190,5
6191,9
6192,6
6193,6
6194,6
6195,7
6196,7
6197,5
6198,5
6199,5
6200,5
6201,5
6202,5
6203,6
6204,7
6205,8
6206,6
6207,9
6208,6
6209,5
6210,7
6211,6
6212,8
6213,6
6214,6
6215,7
6216,8
6217,6
6218,8
6219,8
6220,7
6221,7
6222,6
6223,6
6224,5
6225,6
6226,6
6227,5
6228,6
6229,8
6230,8
6231,5
6232,7
6233,6
6234,5
6235,6
6236,6
6237,7
6238,6
6239,7
6240,10
6241,8
6242,6
6243,6
6244,5
6245,5
6246,6
6247,7
6248,5
6249,6
6250,6
6251,8
6252,7
6253,9
6254,5
6255,5
6256,7
6257,6
6258,7
6259,5
6260,5
6261,6
6262,6
6263,9
6264,6
6265,5
6266,5
6267,6
6268,5
6269,6
6270,7
6271,6
6272,5
6273,7
6274,6
6275,6
6276,6
6277,7
6278,5
6279,5
6280,7
6281,7
6282,6
6283,6
6284,5
6285,5
6286,5
6287,6
6288,6
6289,5
6290,7
6291,7
6292,7
6293,5
6294,9
6295,6
6296,6
6297,8
6298,6
6299,5
6300,6
6301,8
6302,5
6303,7
6304,5
6305,7
6306,5
6307,8
6308,8
6309,7
6310,6
6311,7
6312,5
6313,6
6314,6
6315,5
6316,6
6317,6
6318,8
6319,9
6320,6
6321,6
6322,6
6323,8
6324,8
6325,6
6326,6
6327,8
6328,5
6329,9
6330,9
6331,5
6332,6
6333,5
6334,6
6335,5
6336,9
6337,6
6338,6
6339,5
6340,6
6341,7
6342,6
6343,8
6344,5
6345,5
6346,6
6347,6
6348,6
6349,5
6350,7
6351,5
6352,6
6353,6
6354,8
6355,5
6356,6
6357,6
6358,8
6359,6
6360,5
6361,6
6362,6
6363,6
6364,7
6365,5
6366,5
6367,6
6368,6
6369,6
6370,8
6371,7
6372,9
6373,6
6374,6
6375,7
6376,5
6377,6
6378,5
6379,6
6380,6
6381,7
6382,7
6383,7
6384,10
6385,7
6386,5
6387,7
6388,5
6389,5
6390,6
6391,5
6392,8
6393,7
6394,6
6395,8
6396,7
6397,5
6398,5
6399,6
6400,8
6401,8
6402,6
6403,6
6404,6
6405,6
6406,5
6407,5
6408,5
6409,6
6410,7
6411,8
6412,5
6413,7
6414,7
6415,7
6416,5
6417,8
6418,5
6419,5
6420,5
6421,5
6422,7
6423,8
6424,7
6425,10
6426,5
6427,7
6428,5
6429,6
6430,5
6431,5
6432,7
6433,7
6434,6
6435,5
6436,8
6437,7
6438,8
6439,6
6440,5
6441,6
6442,5
6443,5
6444,5
6445,8
6446,5
6447,6
6448,8
6449,6
6450,6
6451,7
6452,5
6453,6
6454,5
6455,7
6456,5
6457,5
6458,7
6459,6
6460,7
6461,5
6462,6
6463,7
6464,5
6465,5
6466,5
6467,6
6468,6
6469,8
6470,6
6471,7
6472,5
6473,9
6474,7
6475,6
6476,7
6477,7
6478,6
6479,5
6480,5
6481,6
6482,6
6483,8
6484,6
6485,6
6486,7
6487,7
6488,5
6489,8
6490,7
6491,9
6492,6
6493,7
6494,8
6495,7
6496,5
6497,6
6498,7
6499,6
6500,7
6501,8
6502,5
6503,8
6504,6
6505,8
6506,6
6507,6
6508,5
6509,6
6510,6
6511,13
6512,5
6513,5
6514,6
6515,6
6516,5
6517,5
6518,8
6519,8
6520,7
6521,6
6522,6
6523,5
6524,6
6525,6
6526,5
6527,5
6528,7
6529,7
6530,5
6531,5
6532,5
6533,5
6534,7
6535,5
6536,5
6537,6
6538,5
6539,5
6540,6
6541,6
6542,5
6543,5
6544,9
6545,6
6546,8
6547,5
6548,7
6549,7
6550,9
6551,7
6552,6
6553,7
6554,5
6555,6
6556,8
6557,5
6558,5
6559,5
6560,6
6561,5
6562,6
6563,8
6564,6
6565,5
6566,6
6567,5
6568,5
6569,5
6570,7
6571,7
6572,5
6573,5
6574,5
6575,5
6576,6
6577,6
6578,5
6579,7
6580,6
6581,6
6582,7
6583,6
6584,6
6585,9
6586,6
6587,6
6588,8
6589,7
6590,6
6591,6
6592,5
6593,7
6594,6
6595,5
6596,6
6597,8
6598,6
6599,7
6600,8
6601,6
6602,5
6603,8
6604,6
6605,7
6606,10
6607,6
6608,6
6609,6
6610,5
6611,6
6612,6
6613,5
6614,7
6615,6
6616,6
6617,7
6618,7
6619,6
6620,5
6621,7
6622,5
6623,6
6624,8
6625,6
6626,6
6627,5
6628,5
6629,5
6630,6
6631,5
6632,7
6633,6
6634,9
6635,5
6636,5
6637,6
6638,5
6639,6
6640,5
6641,6
6642,5
6643,12
6644,6
6645,7
6646,7
6647,5
6648,8
6649,6
6650,7
6651,8
6652,5
6653,5
6654,5
6655,5
6656,5
6657,6
6658,6
6659,6
6660,8
6661,5
6662,7
6663,5
6664,5
6665,5
6666,6
6667,6
6668,5
6669,6
6670,8
6671,7
6672,7
6673,6
6674,6
6675,10
6676,6
6677,6
6678,10
6679,6
6680,8
6681,7
6682,7
6683,5
6684,6
6685,6
6686,6
6687,8
6688,5
6689,6
6690,8
6691,7
6692,6
6693,8
6694,6
6695,6
6696,6
6697,7
6698,6
6699,7
6700,8
6701,9
6702,7
6703,7
6704,6
6705,5
6706,5
6707,5
6708,6
6709,6
6710,6
6711,6
6712,7
6713,5
6714,6
6715,5
6716,5
6717,5
6718,7
6719,6
6720,7
6721,5
6722,5
6723,6
6724,5
6725,10
6726,6
6727,5
6728,5
6729,6
6730,7
6731,6
6732,5
6733,7
6734,6
6735,8
6736,6
6737,5
6738,7
6739,7
6740,6
6741,6
6742,5
6743,7
6744,6
6745,6
6746,5
6747,7
6748,5
6749,7
6750,7
6751,5
6752,7
6753,6
6754,6
6755,5
6756,6
6757,6
6758,5
6759,9
6760,5
6761,5
6762,5
6763,6
6764,8
6765,5
6766,6
6767,9
6768,7
6769,6
6770,7
6771,7
6772,5
6773,8
6774,6
6775,6
6776,6
6777,5
6778,5
6779,10
6780,5
6781,6
6782,5
6783,7
6784,6
6785,5
6786,7
6787,5
6788,7
6789,5
6790,6
6791,5
6792,5
6793,7
6794,6
6795,6
6796,8
6797,5
6798,5
6799,5
6800,5
6801,6
6802,5
6803,6
6804,6
6805,6
6806,6
6807,6
6808,8
6809,6
6810,5
6811,6
6812,8
6813,6
6814,5
6815,5
6816,6
6817,8
6818,5
6819,5
6820,6
6821,6
6822,6
6823,6
6824,6
6825,6
6826,5
6827,5
6828,8
6829,7
6830,5
6831,5
6832,5
6833,9
6834,5
6835,9
6836,6
6837,6
6838,7
6839,8
6840,5
6841,5
6842,5
6843,6
6844,7
6845,8
6846,6
6847,7
6848,7
6849,5
6850,6
6851,6
6852,6
6853,6
6854,6
6855,5
6856,5
6857,5
6858,6
6859,6
6860,5
6861,7
6862,7
6863,5
6864,6
6865,5
6866,7
6867,5
6868,7
6869,6
6870,5
6871,6
6872,6
6873,5
6874,5
6875,6
6876,6
6877,6
6878,5
6879,5
6880,7
6881,6
6882,5
6883,5
6884,6
6885,6
6886,7
6887,5
6888,5
6889,6
6890,5
6891,7
6892,7
6893,6
6894,6
6895,5
6896,6
6897,6
6898,7
6899,5
6900,6
6901,7
6902,5
6903,5
6904,6
6905,6
6906,6
6907,6
6908,6
6909,7
6910,7
6911,6
6912,5
6913,6
6914,5
6915,6
6916,5
6917,7
6918,6
6919,6
6920,8
6921,6
6922,7
6923,6
6924,5
6925,5
6926,5
6927,5
6928,5
6929,5
6930,5
6931,7
6932,5
6933,5
6934,6
6935,5
6936,6
6937,7
6938,6
6939,6
6940,7
6941,6
6942,5
6943,5
6944,8
6945,5
6946,6
6947,8
6948,6
6949,6
6950,6
6951,6
6952,7
6953,5
6954,7
6955,6
6956,6
6957,5
6958,7
6959,6
6960,7
6961,5
6962,6
6963,5
6964,7
6965,7
6966,5
6967,9
6968,6
6969,6
6970,7
6971,5
6972,6
6973,8
6974,5
6975,6
6976,8
6977,5
6978,5
6979,6
6980,8
6981,5
6982,6
6983,6
6984,6
6985,5
6986,5
6987,5
6988,6
6989,5
6990,7
6991,7
6992,6
6993,6
6994,6
6995,6
6996,9
6997,8
6998,7
6999,6
7000,5
7001,6
7002,6
7003,6
7004,7
7005,6
7006,6
7007,5
7008,5
7009,6
7010,5
7011,8
7012,5
7013,8
7014,6
7015,6
7016,5
7017,5
7018,5
7019,5
7020,7
7021,6
7022,7
7023,7
7024,6
7025,7
7026,6
7027,5
7028,5
7029,5
7030,5
7031,7
7032,5
7033,6
7034,5
7035,6
7036,6
7037,5
7038,5
7039,5
7040,5
7041,6
7042,6
7043,6
7044,5
7045,5
7046,5
7047,5
7048,5
7049,5
7050,6
7051,6
7052,8
7053,5
7054,6
7055,6
7056,5
7057,6
7058,6
7059,6
7060,5
7061,6
7062,5
7063,6
7064,6
7065,5
7066,6
7067,6
7068,8
7069,5
7070,8
7071,8
7072,6
7073,7
7074,6
7075,6
7076,5
7077,6
7078,6
7079,6
7080,5
7081,5
7082,5
7083,5
7084,7
7085,6
7086,6
7087,5
7088,6
7089,5
7090,5
7091,8
7092,5
7093,7
7094,5
7095,6
7096,6
7097,5
7098,6
7099,6
7100,5
7101,5
7102,6
7103,8
7104,7
7105,7
7106,8
7107,5
7108,6
7109,5
7110,5
7111,6
7112,6
7113,6
7114,5
7115,6
7116,5
7117,6
7118,6
7119,7
7120,5
7121,5
7122,5
7123,5
7124,5
7125,5
7126,9
7127,7
7128,5
7129,8
7130,5
7131,6
7132,6
7133,6
7134,6
7135,5
7136,7
7137,6
7138,5
7139,6
7140,6
7141,5
7142,5
7143,5
7144,7
7145,5
7146,6
7147,6
7148,5
7149,5
7150,5
7151,5
7152,5
7153,5
7154,7
7155,5
7156,6
7157,6
7158,10
7159,5
7160,6
7161,6
7162,6
7163,5
7164,6
7165,6
7166,6
7167,5
7168,6
7169,8
7170,6
7171,5
7172,6
7173,6
7174,5
7175,8
7176,5
7177,6
7178,6
7179,7
7180,6
7181,6
7182,6
7183,5
7184,5
7185,6
7186,7
7187,8
7188,5
7189,5
7190,6
7191,5
7192,6
7193,5
7194,6
7195,5
7196,7
7197,5
7198,5
7199,5
7200,5
7201,5
7202,5
7203,5
7204,6
7205,5
7206,6
7207,5
7208,5
7209,7
7210,5
7211,5
7212,5
7213,7
7214,5
7215,7
7216,5
7217,5
7218,5
7219,5
7220,5
7221,5
7222,5
7223,5
7224,5
7225,5
7226,5
7227,8
7228,7
7229,5
7230,5
7231,11
7232,6
7233,5
7234,5
7235,5
7236,5
7237,5
7238,5
7239,5
7240,7
7241,7
7242,6
7243,8
7244,6
7245,7
7246,6
7247,9
7248,6
7249,6
7250,6
7251,5
7252,5
7253,6
7254,5
7255,6
7256,10
7257,5
7258,6
7259,6
7260,5
7261,8
7262,5
7263,5
7264,7
7265,6
7266,6
7267,6
7268,5
7269,7
7270,6
7271,5
7272,9
7273,5
7274,6
7275,5
7276,6
7277,6
7278,7
7279,6
7280,6
7281,5
7282,6
7283,8
7284,5
7285,6
7286,5
7287,5
7288,5
7289,6
7290,6
7291,5
7292,8
7293,6
7294,7
7295,5
7296,5
7297,7
7298,6
7299,7
7300,6
7301,6
7302,5
7303,6
7304,5
7305,5
7306,7
7307,6
7308,6
7309,5
7310,6
7311,5
7312,7
7313,6
7314,5
7315,6
7316,6
7317,5
7318,5
7319,6
7320,8
7321,5
7322,7
7323,7
7324,5
7325,5
7326,5
7327,6
7328,5
7329,5
7330,6
7331,7
7332,7
7333,5
7334,7
7335,5
7336,5
7337,5
7338,6
7339,6
7340,5
7341,6
7342,7
7343,6
7344,6
7345,7
7346,5
7347,6
7348,7
7349,6
7350,5
7351,5
7352,5
7353,5
7354,5
7355,9
7356,5
7357,6
7358,8
7359,6
7360,7
7361,5
7362,5
7363,6
7364,5
7365,6
7366,5
7367,6
7368,5
7369,7
7370,5
7371,5
7372,7
7373,6
7374,5
7375,6
7376,6
7377,7
7378,5
7379,7
7380,5
7381,5
7382,5
7383,5
7384,6
7385,7
7386,5
7387,5
7388,7
7389,8
7390,6
7391,7
7392,5
7393,5
7394,5
7395,7
7396,9
7397,7
7398,7
7399,5
7400,5
7401,5
7402,8
7403,5
7404,5
7405,5
7406,8
7407,6
7408,6
7409,5
7410,6
7411,6
7412,5
7413,6
7414,8
7415,5
7416,5
7417,5
7418,5
7419,5
7420,7
7421,5
7422,5
7423,5
7424,5
7425,5
7426,5
7427,5
7428,5
7429,6
7430,5
7431,6
7432,5
7433,5
7434,6
7435,6
7436,5
7437,5
7438,5
7439,7
7440,5
7441,11
7442,5
7443,6
7444,6
7445,5
7446,5
7447,5
7448,6
7449,8
7450,5
7451,8
7452,5
7453,5
7454,5
7455,6
7456,8
7457,6
7458,6
7459,6
7460,5
7461,6
7462,5
7463,7
7464,6
7465,6
7466,5
7467,5
7468,5
7469,6
7470,7
7471,6
7472,5
7473,5
7474,8
7475,6
7476,5
7477,6
7478,6
7479,5
7480,6
7481,5
7482,5
7483,6
7484,6
7485,6
7486,5
7487,6
7488,7
7489,6
7490,5
7491,7
7492,5
7493,5
7494,5
7495,5
7496,6
7497,9
7498,5
7499,6
7500,5
7501,10
7502,8
7503,6
7504,5
7505,8
7506,6
7507,6
7508,5
7509,6
7510,6
7511,7
7512,7
7513,5
7514,5
7515,5
7516,6
7517,5
7518,5
7519,5
7520,5
7521,6
7522,5
7523,5
7524,5
7525,6
7526,8
7527,6
7528,5
7529,6
7530,5
7531,5
7532,5
7533,6
7534,6
7535,6
7536,5
7537,5
7538,5
7539,8
7540,6
7541,5
7542,5
7543,6
7544,6
7545,6
7546,5
7547,5
7548,5
7549,6
7550,5
7551,6
7552,6
7553,9
7554,7
7555,6
7556,9
7557,6
7558,5
7559,7
7560,5
7561,5
7562,6
7563,8
7564,7
7565,6
7566,5
7567,5
7568,5
7569,5
7570,7
7571,6
7572,5
7573,5
7574,5
7575,7
7576,5
7577,8
7578,6
7579,8
7580,5
7581,7
7582,6
7583,5
7584,6
7585,5
7586,5
7587,5
7588,7
7589,7
7590,5
7591,6
7592,5
7593,5
7594,5
7595,7
7596,5
7597,5
7598,5
7599,8
7600,5
7601,5
7602,5
7603,5
7604,8
7605,7
7606,5
7607,5
7608,6
7609,5
7610,5
7611,5
7612,6
7613,8
7614,5
7615,5
7616,5
7617,5
7618,5
7619,7
7620,5
7621,5
7622,5
7623,5
7624,6
7625,5
7626,6
7627,6
7628,6
7629,5
7630,7
7631,6
7632,5
7633,5
7634,6
7635,6
7636,5
7637,6
7638,5
7639,6
7640,6
7641,5
7642,6
7643,5
7644,8
7645,5
7646,7
7647,7
7648,6
7649,5
7650,6
7651,6
7652,7
7653,5
7654,8
7655,5
7656,7
7657,8
7658,6
7659,6
7660,5
7661,6
7662,5
7663,5
7664,5
7665,7
7666,6
7667,5
7668,6
7669,6
7670,5
7671,7
7672,7
7673,6
7674,6
7675,6
7676,5
7677,7
7678,7
7679,5
7680,6
7681,6
7682,6
7683,10
7684,5
7685,6
7686,9
7687,5
7688,7
7689,5
7690,7
7691,6
7692,5
7693,7
7694,7
7695,6
7696,5
7697,6
7698,5
7699,5
7700,6
7701,5
7702,5
7703,6
7704,7
7705,6
7706,5
7707,5
7708,6
7709,5
7710,6
7711,5
7712,8
7713,5
7714,5
7715,6
7716,5
7717,6
7718,7
7719,5
7720,8
7721,5
7722,5
7723,11
7724,6
7725,5
7726,7
7727,5
7728,5
7729,5
7730,6
7731,7
7732,5
7733,5
7734,5
7735,5
7736,6
7737,8
7738,6
7739,6
7740,5
7741,5
7742,6
7743,8
7744,5
7745,5
7746,6
7747,5
7748,5
7749,6
7750,5
7751,5
7752,5
7753,5
7754,7
7755,6
7756,7
7757,5
7758,5
7759,5
7760,5
7761,6
7762,6
7763,6
7764,5
7765,6
7766,6
7767,5
7768,5
7769,7
7770,7
7771,5
7772,7
7773,5
7774,6
7775,5
7776,6
7777,5
7778,5
7779,5
7780,5
7781,5
7782,5
7783,6
7784,5
7785,6
7786,5
7787,6
7788,5
7789,6
7790,5
7791,5
7792,6
7793,5
7794,5
7795,6
7796,6
7797,5
7798,5
7799,5
7800,5
7801,5
7802,5
7803,7
7804,5
7805,6
7806,5
7807,6
7808,5
7809,7
7810,7
7811,7
7812,5
7813,5
7814,5
7815,6
7816,5
7817,6
7818,5
7819,6
7820,5
7821,6
7822,6
7823,5
7824,6
7825,8
7826,6
7827,7
7828,5
7829,5
7830,5
7831,5
7832,5
7833,7
7834,6
7835,6
7836,5
7837,5
7838,5
7839,7
7840,5
7841,5
7842,5
7843,5
7844,5
7845,6
7846,5
7847,5
7848,5
7849,5
7850,6
7851,7
7852,6
7853,5
7854,6
7855,6
7856,6
7857,5
7858,5
7859,6
7860,5
7861,5
7862,5
7863,5
7864,6
7865,5
7866,5
7867,6
7868,6
7869,6
7870,5
7871,5
7872,5
7873,5
7874,6
7875,5
7876,6
7877,9
7878,5
7879,5
7880,6
7881,5
7882,5
7883,5
7884,6
7885,7
7886,5
7887,5
7888,6
7889,5
7890,6
7891,6
7892,6
7893,6
7894,6
7895,7
7896,7
7897,6
7898,5
7899,6
7900,5
7901,5
7902,6
7903,8
7904,5
7905,8
7906,7
7907,5
7908,5
7909,6
7910,7
7911,5
7912,5
7913,5
7914,6
7915,6
7916,5
7917,5
7918,6
7919,5
7920,5
7921,6
7922,6
7923,5
7924,6
7925,7
7926,8
7927,6
7928,5
7929,6
7930,8
7931,5
7932,5
7933,5
7934,5
7935,5
7936,5
7937,5
7938,5
7939,5
7940,6
7941,6
7942,7
7943,5
7944,7
7945,5
7946,6
7947,6
7948,7
7949,5
7950,6
7951,5
7952,5
7953,6
7954,6
7955,6
7956,5
7957,6
7958,8
7959,9
7960,5
7961,5
7962,5
7963,5
7964,6
7965,7
7966,5
7967,5
7968,5
7969,6
7970,5
7971,5
7972,7
7973,5
7974,6
7975,5
7976,6
7977,5
7978,6
7979,5
7980,6
7981,5
7982,7
7983,7
7984,6
7985,6
7986,6
7987,7
7988,5
7989,5
7990,5
7991,6
7992,5
7993,9
7994,5
7995,6
7996,6
7997,5
7998,5
7999,5
8000,5
8001,5
8002,5
8003,7
8004,5
8005,5
8006,6
8007,5
8008,6
8009,5
8010,6
8011,7
8012,6
8013,5
8014,5
8015,9
8016,5
8017,6
8018,6
8019,6
8020,7
8021,5
8022,5
8023,6
8024,5
8025,7
8026,6
8027,5
8028,6
8029,6
8030,5
8031,5
8032,6
8033,5
8034,6
8035,5
8036,5
8037,5
8038,5
8039,5
8040,5
8041,6
8042,5
8043,7
8044,5
8045,5
8046,6
8047,5
8048,6
8049,5
8050,6
8051,5
8052,5
8053,5
8054,6
8055,7
8056,5
8057,7
8058,5
8059,6
8060,7
8061,5
8062,5
8063,5
8064,6
8065,6
8066,5
8067,6
8068,6
8069,5
8070,5
8071,6
8072,5
8073,8
8074,5
8075,6
8076,6
8077,5
8078,5
8079,5
8080,5
8081,5
8082,5
8083,7
8084,6
8085,6
8086,5
8087,5
8088,7
8089,5
8090,5
8091,5
8092,5
8093,6
8094,5
8095,7
8096,6
8097,5
8098,6
8099,5
8100,5
8101,5
8102,5
8103,5
8104,5
8105,5
8106,6
8107,5
8108,5
8109,5
8110,5
8111,5
8112,5
8113,7
8114,5
8115,5
8116,6
8117,5
8118,7
8119,6
8120,7
8121,6
8122,6
8123,6
8124,5
8125,5
8126,7
8127,6
8128,5
8129,6
8130,6
8131,5
8132,6
8133,5
8134,6
8135,5
8136,5
8137,5
8138,5
8139,6
8140,5
8141,5
8142,5
8143,6
8144,5
8145,5
8146,5
8147,5
8148,8
8149,5
8150,6
8151,5
8152,6
8153,5
8154,6
8155,7
8156,6
8157,5
8158,5
8159,5
8160,5
8161,6
8162,6
8163,5
8164,5
8165,5
8166,6
8167,6
8168,5
8169,5
8170,5
8171,5
8172,5
8173,6
8174,5
8175,5
8176,5
8177,5
8178,7
8179,5
8180,6
8181,6
8182,6
8183,6
8184,6
8185,6
8186,5
8187,5
8188,5
8189,5
8190,5
8191,5
8192,5
8193,5
8194,5
8195,5
8196,5
8197,6
8198,5
8199,6
8200,7
8201,5
8202,5
8203,5
8204,5
8205,5
8206,7
8207,5
8208,6
8209,6
8210,7
8211,5
8212,5
8213,5
8214,6
8215,5
8216,5
8217,6
8218,6
8219,6
8220,5
8221,7
8222,6
8223,5
8224,6
8225,5
8226,6
8227,5
8228,7
8229,7
8230,7
8231,5
8232,5
8233,5
8234,5
8235,6
8236,5
8237,5
8238,5
8239,6
8240,5
8241,5
8242,5
8243,5
8244,7
8245,5
8246,5
8247,5
8248,5
8249,6
8250,8
8251,7
8252,5
8253,6
8254,7
8255,5
8256,5
8257,5
8258,6
8259,7
8260,6
8261,5
8262,6
8263,5
8264,6
8265,6
8266,5
8267,5
8268,5
8269,6
8270,8
8271,5
8272,5
8273,6
8274,5
8275,5
8276,5
8277,5
8278,6
8279,5
8280,6
8281,5
8282,5
8283,5
8284,5
8285,5
8286,5
8287,7
8288,5
8289,5
8290,5
8291,5
8292,6
8293,6
8294,5
8295,6
8296,6
8297,6
8298,5
8299,6
8300,6
8301,6
8302,5
8303,6
8304,5
8305,5
8306,5
8307,5
8308,5
8309,5
8310,5
8311,5
8312,5
8313,5
8314,5
8315,5
8316,5
8317,5
8318,6
8319,5
8320,6
8321,6
8322,5
8323,6
8324,6
8325,5
8326,6
8327,5
8328,5
8329,5
8330,5
8331,5
8332,7
8333,5
8334,5
8335,5
8336,5
8337,5
8338,5
8339,5
8340,6
8341,5
8342,5
8343,7
8344,5
8345,7
8346,6
8347,7
8348,5
8349,5
8350,6
8351,6
8352,5
8353,5
8354,5
8355,5
8356,6
8357,6
8358,5
8359,5
8360,7
8361,5
8362,6
8363,5
8364,5
8365,5
8366,5
8367,5
8368,6
8369,5
8370,5
8371,6
8372,6
8373,5
8374,5
8375,6
8376,5
8377,5
8378,6
8379,6
8380,5
8381,5
8382,6
8383,5
8384,5
8385,6
8386,5
8387,5
8388,5
8389,6
8390,6
8391,5
8392,5
8393,5
8394,5
8395,5
8396,5
8397,5
8398,5
8399,5
8400,5
8401,6
8402,5
8403,7
8404,5
8405,6
8406,5
8407,5
8408,5
8409,6
8410,6
8411,7
8412,5
8413,5
8414,5
8415,5
8416,5
8417,5
8418,5
8419,5
8420,5
8421,6
8422,6
8423,5
8424,5
8425,5
8426,5
8427,6
8428,5
8429,5
8430,6
8431,5
8432,7
8433,6
8434,6
8435,5
8436,5
8437,6
8438,5
8439,5
8440,5
8441,5
8442,5
8443,5
8444,5
8445,5
8446,6
8447,6
8448,5
8449,7
8450,5
8451,5
8452,5
8453,7
8454,7
8455,6
8456,5
8457,5
8458,5
8459,6
8460,5
8461,5
8462,5
8463,6
8464,5
8465,5
8466,5
8467,5
8468,5
8469,5
8470,6
8471,5
8472,5
8473,5
8474,5
8475,5
8476,7
8477,6
8478,5
8479,5
8480,5
8481,5
8482,5
8483,6
8484,6
8485,5
8486,6
8487,5
8488,5
8489,5
8490,6
8491,6
8492,5
8493,5
8494,5
8495,5
8496,6
8497,5
8498,5
8499,5
8500,6
8501,5
8502,6
8503,6
8504,6
8505,6
8506,9
8507,5
8508,5
8509,6
8510,5
8511,6
8512,6
8513,5
8514,5
8515,5
8516,5
8517,5
8518,5
8519,5
8520,6
8521,6
8522,5
8523,5
8524,5
8525,6
8526,6
8527,5
8528,6
8529,6
8530,5
8531,5
8532,5
8533,5
8534,7
8535,5
8536,5
8537,5
8538,5
8539,5
8540,7
8541,7
8542,5
8543,6
8544,6
8545,5
8546,6
8547,6
8548,5
8549,5
8550,6
8551,7
8552,5
8553,5
8554,7
8555,5
8556,6
8557,6
8558,5
8559,6
8560,6
8561,6
8562,5
8563,5
8564,6
8565,5
8566,5
8567,5
8568,5
8569,5
8570,5
8571,5
8572,5
8573,5
8574,5
8575,7
8576,5
8577,6
8578,5
8579,5
8580,5
8581,5
8582,5
8583,5
8584,5
8585,5
8586,6
8587,5
8588,5
8589,5
8590,5
8591,5
8592,6
8593,6
8594,5
8595,5
8596,6
8597,5
8598,6
8599,6
8600,5
8601,5
8602,6
8603,5
8604,5
8605,7
8606,5
8607,6
8608,5
8609,5
8610,5
8611,7
8612,5
8613,5
8614,5
8615,5
8616,8
8617,5
8618,5
8619,5
8620,7
8621,7
8622,6
8623,5
8624,7
8625,5
8626,5
8627,6
8628,5
8629,5
8630,6
8631,5
8632,5
8633,5
8634,7
8635,5
8636,5
8637,5
8638,6
8639,5
8640,5
8641,5
8642,5
8643,6
8644,5
8645,8
8646,5
8647,6
8648,6
8649,7
8650,6
8651,5
8652,6
8653,5
8654,5
8655,6
8656,5
8657,5
8658,6
8659,5
8660,6
8661,5
8662,5
8663,6
8664,6
8665,6
8666,5
8667,5
8668,5
8669,5
8670,5
8671,5
8672,5
8673,5
8674,5
8675,5
8676,5
8677,5
8678,5
8679,5
8680,5
8681,5
8682,5
8683,5
8684,5
8685,5
8686,5
8687,5
8688,5
8689,5
8690,5
8691,6
8692,5
8693,5
8694,5
8695,6
8696,5
8697,6
8698,6
8699,6
8700,6
8701,6
8702,6
8703,5
8704,5
8705,5
8706,6
8707,5
8708,5
8709,5
8710,6
8711,6
8712,5
8713,5
8714,5
8715,6
8716,5
8717,5
8718,5
8719,5
8720,5
8721,5
8722,5
8723,5
8724,8
8725,5
8726,5
8727,5
8728,5
8729,6
8730,5
8731,5
8732,5
8733,5
8734,6
8735,6
8736,6
8737,5
8738,5
8739,5
8740,5
8741,5
8742,7
8743,5
8744,5
8745,6
8746,5
8747,5
8748,5
8749,5
8750,5
8751,5
8752,5
8753,5
8754,6
8755,5
8756,5
8757,5
8758,5
8759,5
8760,6
8761,6
8762,5
8763,5
8764,5
8765,5
8766,6
8767,6
8768,5
8769,6
8770,7
8771,5
8772,5
8773,5
8774,5
8775,5
8776,5
8777,5
8778,5
8779,5
8780,6
8781,5
8782,5
8783,5
8784,5
8785,7
8786,7
8787,6
8788,5
8789,6
8790,5
8791,6
8792,6
8793,5
8794,5
8795,5
8796,5
8797,6
8798,5
8799,6
8800,5
8801,5
8802,5
8803,5
8804,5
8805,5
8806,6
8807,5
8808,5
8809,5
8810,5
8811,6
8812,6
8813,5
8814,5
8815,5
8816,5
8817,6
8818,5
8819,7
8820,5
8821,8
8822,6
8823,5
8824,5
8825,5
8826,6
8827,5
8828,6
8829,5
8830,6
8831,5
8832,5
8833,6
8834,5
8835,5
8836,7
8837,5
8838,5
8839,5
8840,5
8841,5
8842,5
8843,5
8844,5
8845,6
8846,6
8847,5
8848,5
8849,5
8850,5
8851,5
8852,6
8853,5
8854,6
8855,5
8856,6
8857,5
8858,5
8859,5
8860,5
8861,5
8862,5
8863,5
8864,5
8865,5
8866,7
8867,5
8868,5
8869,5
8870,5
8871,5
8872,5
8873,5
8874,5
8875,5
8876,5
8877,6
8878,6
8879,5
8880,5
8881,5
8882,5
8883,5
8884,5
8885,5
8886,5
8887,6
8888,5
8889,5
8890,5
8891,5
8892,5
8893,6
8894,5
8895,6
8896,6
8897,5
8898,6
8899,6
8900,6
8901,5
8902,6
8903,7
8904,5
8905,5
8906,6
8907,5
8908,5
8909,5
8910,5
8911,5
8912,5
8913,5
8914,7
8915,5
8916,5
8917,6
8918,5
8919,6
8920,5
8921,5
8922,5
8923,8
8924,5
8925,5
8926,6
8927,5
8928,5
8929,5
8930,6
8931,6
8932,5
8933,5
8934,5
8935,6
8936,6
8937,5
8938,5
8939,5
8940,5
8941,5
8942,5
8943,6
8944,5
8945,5
8946,5
8947,5
8948,5
8949,5
8950,5
8951,5
8952,5
8953,6
8954,7
8955,6
8956,5
8957,5
8958,5
8959,5
8960,5
8961,5
8962,5
8963,5
8964,5
8965,6
8966,7
8967,5
8968,5
8969,6
8970,6
8971,5
8972,5
8973,5
8974,5
8975,5
8976,5
8977,5
8978,5
8979,5
8980,5
8981,5
8982,5
8983,6
8984,5
8985,5
8986,5
8987,5
8988,5
8989,5
8990,5
8991,5
8992,6
8993,7
8994,5
8995,5
8996,5
8997,5
8998,6
8999,5
9000,5
9001,6
9002,6
9003,7
9004,6
9005,5
9006,5
9007,5
9008,5
9009,5
9010,5
9011,5
9012,5
9013,5
9014,5
9015,5
9016,6
9017,5
9018,5
9019,6
9020,5
9021,5
9022,5
9023,6
9024,6
9025,5
9026,5
9027,5
9028,6
9029,6
9030,5
9031,6
9032,5
9033,5
9034,5
9035,5
9036,5
9037,5
9038,5
9039,7
9040,5
9041,5
9042,6
9043,5
9044,5
9045,5
9046,5
9047,5
9048,6
9049,5
9050,5
9051,5
9052,5
9053,6
9054,8
9055,5
9056,5
9057,5
9058,5
9059,6
9060,5
9061,5
9062,5
9063,5
9064,5
9065,5
9066,5
9067,6
9068,5
9069,5
9070,5
9071,7
9072,5
9073,5
9074,5
9075,5
9076,5
9077,6
9078,5
9079,5
9080,5
9081,5
9082,6
9083,5
9084,5
9085,5
9086,5
9087,5
9088,5
9089,5
9090,5
9091,5
9092,6
9093,5
9094,5
9095,6
9096,5
9097,5
9098,5
9099,5
9100,5
9101,6
9102,5
9103,5
9104,6
9105,5
9106,6
9107,7
9108,5
9109,6
9110,5
9111,5
9112,5
9113,5
9114,5
9115,5
9116,6
9117,5
9118,5
9119,5
9120,6
9121,5
9122,5
9123,5
9124,5
9125,6
9126,5
9127,5
9128,5
9129,5
9130,6
9131,6
9132,5
9133,5
9134,5
9135,5
9136,5
9137,5
9138,6
9139,5
9140,5
9141,6
9142,5
9143,5
9144,5
9145,5
9146,5
9147,5
9148,5
9149,6
9150,6
9151,5
9152,5
9153,6
9154,6
9155,5
9156,5
9157,5
9158,5
9159,6
9160,5
9161,6
9162,5
9163,5
9164,5
9165,5
9166,5
9167,5
9168,5
9169,5
9170,5
9171,5
9172,7
9173,5
9174,5
9175,5
9176,5
9177,5
9178,6
9179,5
9180,5
9181,5
9182,5
9183,5
9184,6
9185,5
9186,5
9187,5
9188,5
9189,5
9190,5
9191,5
9192,6
9193,5
9194,6
9195,6
9196,5
9197,5
9198,5
9199,5
9200,5
9201,5
9202,5
9203,5
9204,5
9205,5
9206,5
9207,5
9208,6
9209,5
9210,5
9211,5
9212,5
9213,5
9214,5
9215,5
9216,7
9217,5
9218,5
9219,5
9220,5
9221,5
9222,5
9223,5
9224,5
9225,5
9226,5
9227,6
9228,5
9229,5
9230,5
9231,5
9232,5
9233,5
9234,5
9235,5
9236,6
9237,5
9238,6
9239,5
9240,5
9241,6
9242,6
9243,5
9244,5
9245,5
9246,5
9247,7
9248,5
9249,6
9250,5
9251,5
9252,5
9253,5
9254,5
9255,5
9256,5
9257,5
9258,6
9259,5
9260,5
9261,5
9262,6
9263,5
9264,6
9265,6
9266,5
9267,7
9268,5
9269,6
9270,5
9271,5
9272,5
9273,5
9274,5
9275,5
9276,5
9277,5
9278,5
9279,5
9280,5
9281,5
9282,5
9283,5
9284,5
9285,6
9286,5
9287,5
9288,5
9289,5
9290,5
9291,6
9292,6
9293,5
9294,6
9295,5
9296,5
9297,5
9298,5
9299,5
9300,5
9301,6
9302,5
9303,6
9304,5
9305,5
9306,6
9307,5
9308,6
9309,6
9310,5
9311,5
9312,5
9313,5
9314,5
9315,5
9316,5
9317,5
9318,6
9319,5
9320,5
9321,5
9322,5
9323,5
9324,5
9325,5
9326,5
9327,5
9328,5
9329,5
9330,5
9331,6
9332,5
9333,6
9334,5
9335,5
9336,6
9337,5
9338,5
9339,5
9340,5
9341,5
9342,5
9343,5
9344,5
9345,5
9346,5
9347,5
9348,5
9349,5
9350,6
9351,5
9352,5
9353,6
9354,5
9355,5
9356,6
9357,7
9358,6
9359,5
9360,5
9361,5
9362,5
9363,6
9364,5
9365,5
9366,5
9367,5
9368,5
9369,5
9370,5
9371,5
9372,5
9373,5
9374,5
9375,5
9376,6
9377,5
9378,5
9379,5
9380,5
9381,6
9382,6
9383,6
9384,6
9385,5
9386,5
9387,5
9388,6
9389,5
9390,5
9391,5
9392,5
9393,5
9394,5
9395,5
9396,5
9397,5
9398,5
9399,5
9400,5
9401,5
9402,5
9403,5
9404,5
9405,5
9406,6
9407,6
9408,5
9409,6
9410,5
9411,5
9412,5
9413,5
9414,5
9415,5
9416,5
9417,5
9418,5
9419,5
9420,5
9421,6
9422,6
9423,5
9424,5
9425,6
9426,5
9427,5
9428,5
9429,5
9430,5
9431,5
9432,5
9433,5
9434,5
9435,5
9436,5
9437,5
9438,5
9439,5
9440,5
9441,5
9442,5
9443,5
9444,5
9445,5
9446,6
9447,5
9448,5
9449,5
9450,6
9451,5
9452,5
9453,5
9454,5
9455,6
9456,5
9457,5
9458,5
9459,5
9460,5
9461,5
9462,5
9463,5
9464,5
9465,5
9466,5
9467,5
9468,5
9469,5
9470,5
9471,5
9472,5
9473,5
9474,5
9475,5
9476,5
9477,5
9478,5
9479,5
9480,5
9481,5
9482,5
9483,5
9484,5
9485,5
9486,5
9487,5
9488,5
9489,5
9490,5
9491,5
9492,5
9493,5
9494,5
9495,5
9496,5
9497,5
9498,5
9499,5
9500,5
9501,5
9502,5
9503,5
9504,5
9505,5
9506,5
9507,5
9508,5
9509,5
9510,5
9511,5
9512,5
9513,5
9514,5
9515,5
9516,5
9517,5
9518,6
9519,5
9520,6
9521,5
9522,5
9523,6
9524,5
9525,5
9526,5
9527,5
9528,6
9529,5
9530,5
9531,5
9532,5
9533,5
9534,5
9535,5
9536,5
9537,5
9538,5
9539,5
9540,5
9541,5
9542,5
9543,5
9544,5
9545,6
9546,5
9547,5
9548,5
9549,5
9550,5
9551,5
9552,5
9553,5
9554,5
9555,5
9556,5
9557,5
9558,5
9559,5
9560,5
9561,5
9562,5
9563,6
9564,5
9565,5
9566,5
9567,5
9568,5
9569,5
9570,6
9571,5
9572,5
9573,6
9574,5
9575,5
9576,5
9577,5
9578,5
9579,5
9580,5
9581,6
9582,5
9583,5
9584,5
9585,5
9586,5
9587,5
9588,5
9589,5
9590,5
9591,5
9592,5
9593,5
9594,5
9595,5
9596,5
9597,5
9598,5
9599,5
9600,5
9601,5
9602,5
9603,5
9604,5
9605,5
9606,5
9607,6
9608,5
9609,5
9610,5
9611,5
9612,5
9613,5
9614,5
9615,5
9616,5
9617,5
9618,5
9619,5
9620,5
9621,5
9622,5
9623,5
9624,5
9625,5
9626,5
9627,5
9628,5
9629,5
9630,5
9631,5
9632,5
9633,5
9634,5
9635,5
9636,5
9637,5
9638,5
9639,5
9640,5
9641,5
9642,5
9643,7
9644,5
9645,5
9646,5
9647,5
9648,6
9649,6
9650,5
9651,5
9652,5
9653,5
9654,5
9655,5
9656,5
9657,5
9658,5
9659,6
9660,5
9661,5
9662,5
9663,5
9664,5
9665,5
9666,5
9667,5
9668,6
9669,5
9670,5
9671,5
9672,5
9673,5
9674,5
9675,5
9676,5
9677,5
9678,5
9679,5
9680,5
9681,5
9682,5
9683,5
9684,5
9685,5
9686,5
9687,5
9688,5
9689,5
9690,5
9691,6
9692,5
9693,5
9694,5
9695,5
9696,5
9697,5
9698,5
9699,5
9700,6
9701,6
9702,5
9703,5
9704,5
9705,5
9706,5
9707,5
9708,5
9709,5
9710,5
9711,5
9712,5
9713,6
9714,5
9715,5
9716,5
9717,5
9718,5
9719,5
9720,5
9721,5
9722,5
9723,5
9724,5
9725,5
9726,5
9727,5
9728,5
9729,5
9730,5
9731,5
9732,5
9733,5
9734,5
9735,5
9736,5
9737,5
9738,5
9739,6
9740,5
9741,6
9742,5
9743,5
9744,5
9745,5
9746,5
9747,5
9748,5
9749,5
9750,5
9751,5
9752,5
9753,5
9754,5
9755,5
9756,5
9757,5
9758,5
9759,5
9760,5
9761,5
9762,5
9763,6
9764,5
9765,5
9766,5
9767,5
9768,5
9769,5
9770,5
9771,5
9772,5
9773,5
9774,5
9775,5
9776,5
9777,5
9778,6
9779,5
9780,5
9781,5
9782,5
9783,5
9784,5
9785,5
9786,5
9787,5
9788,5
9789,5
9790,5
9791,5
9792,5
9793,5
9794,5
9795,5
9796,5
9797,5
9798,5
9799,5
9800,5
9801,5
9802,5
9803,5
9804,5
9805,5
9806,6
9807,5
9808,5
9809,5
9810,5
9811,5
9812,5
9813,5
9814,5
9815,5
9816,6
9817,5
9818,5
9819,5
9820,5
9821,5
9822,5
9823,5
9824,5
9825,5
9826,5
9827,5
9828,5
9829,5
9830,5
9831,5
9832,5
9833,5
9834,5
9835,5
9836,5
9837,5
9838,5
9839,5
9840,5
9841,5
9842,5
9843,5
9844,6
9845,5
9846,5
9847,5
9848,5
9849,5
9850,5
9851,5
9852,5
9853,5
9854,5
9855,5
9856,5
9857,5
9858,5
9859,5
9860,5
9861,5
9862,5
9863,5
9864,5
9865,5
9866,5
9867,5
9868,5
9869,5
9870,5
9871,5
9872,5
9873,5
9874,5
9875,5
9876,5
9877,5
9878,5
9879,5
9880,5
9881,5
9882,5
9883,5
9884,5
9885,5
9886,5
9887,5
9888,5
9889,5
9890,5
9891,5
9892,5
9893,5
9894,5
9895,5
9896,5
9897,5
9898,5
9899,5
9900,6
9901,5
9902,5
9903,5
9904,5
9905,5
9906,5
9907,5
9908,6
9909,5
9910,6
9911,5
9912,5
9913,5
9914,5
9915,5
9916,5
9917,5
9918,5
9919,5
9920,5
9921,5
9922,5
9923,5
9924,5
9925,5
9926,5
9927,5
9928,5
9929,5
9930,5
9931,5
9932,5
9933,5
9934,5
9935,5
9936,5
9937,5
9938,5
9939,5
9940,5
9941,5
9942,5
9943,5
9944,5
9945,5
9946,5
9947,5
9948,5
9949,5
9950,5
9951,5
9952,5
9953,5
9954,5
9955,5
9956,5
9957,5
9958,5
9959,5
9960,5
9961,5
9962,5
9963,5
9964,5
9965,5
9966,5
9967,5
9968,5
9969,5
9970,6
9971,5
9972,5
9973,5
9974,5
9975,5
9976,5
9977,5
9978,5
9979,5
9980,5
9981,5
9982,5
9983,5
9984,5
9985,5
9986,5
9987,5
9988,5
9989,5
9990,5
9991,5
9992,5
9993,5
9994,5
9995,5
9996,5
9997,5
9998,5
9999,5
